seqFluxo,seqEtapa,codEtapa,etapa,codFormulario,formulario,dataCriacao,dataExeInicio,dataExeFim,codExecutor,executor,status,origem,tempoTotal,tempoInicioFim,tempoParaIniciar,sequencia,grupoEtapa,codBeneficiario,beneficiario,codFormularioCampo,nomeCampo,legenda,ordemFilho,codFormularioCampoFilho,codCampo,valor,valorDominio,nomeCampoFilho,legendaCampoFilho,codCampoFilho,fluxo,statusFluxo,servico
501114,1504965,20390,REVISÃO,14579,FOR_ALVARA_BD_CADASTRO,2024-12-13 10:45:13,2025-10-15 09:37:07,2025-10-16 14:52:49,52948,ANA PAULA COSTA OLIVEIRA,2,0.0,13,47,5,2,1,,,327440,INSTRUCOES,Descrição do campo INSTRUCOES,0.0,327488.0,9,"Público - (público em geral, incluindo cidadãos e empresas)",,,,,FLX_CADASTRO_DE_CARTA_DE_SERVIÇO,2,CADASTRO DE CARTA DE SERVIÇO
505267,1500400,20390,REVISÃO,14572,FOR_ALVARA_BD_CADASTRO,2024-06-01 10:47:59,2025-04-03 09:39:53,2025-04-04 14:55:35,50430,MARIA FERNANDA SANTOS PERES,2,0.0,48,25,2,3,2,,,326865,INSTRUCOES,Descrição do campo INSTRUCOES,0.0,327595.0,8,Online,,,,,FLX_CADASTRO_DE_CARTA_DE_SERVIÇO,2,CADASTRO DE CARTA DE SERVIÇO
503784,1501389,20390,REVISÃO,14577,FOR_ALVARA_BD_CADASTRO,2024-10-01 09:41:27,2025-08-03 08:33:21,2025-08-04 13:49:03,51207,JOÃO CARLOS SILVA,2,0.0,33,9,5,2,1,,,326649,PESSOA_JURIDICA,Descrição do campo PESSOA_JURIDICA,0.0,,2,Não,,,,,FLX_CADASTRO_DE_CARTA_DE_SERVIÇO,2,CADASTRO DE CARTA DE SERVIÇO
508441,1500692,20390,REVISÃO,14580,FOR_ALVARA_BD_CADASTRO,2024-04-03 10:34:02,2025-02-03 09:25:56,2025-02-04 14:41:38,51639,JOÃO CARLOS SILVA,2,0.0,41,36,8,3,2,,,326900,PESSOA_JURIDICA,Descrição do campo PESSOA_JURIDICA,0.0,,5,Rejeitado,,,,,FLX_CADASTRO_DE_CARTA_DE_SERVIÇO,2,CADASTRO DE CARTA DE SERVIÇO
501174,1502226,20390,REVISÃO,14580,FOR_ALVARA_BD_CADASTRO,2024-06-28 11:17:10,2025-04-30 10:09:04,2025-05-01 15:24:46,52897,ANA PAULA COSTA OLIVEIRA,2,0.0,46,40,20,3,2,,,326911,PESSOA_JURIDICA,Descrição do campo PESSOA_JURIDICA,0.0,327100.0,4,Valor_PESSOA_JURIDICA_2,,,,,FLX_CADASTRO_DE_CARTA_DE_SERVIÇO,2,CADASTRO DE CARTA DE SERVIÇO
509907,1504253,20390,REVISÃO,14573,FOR_ALVARA_BD_CADASTRO,2024-01-02 08:37:30,2024-11-03 07:29:24,2024-11-04 12:45:06,52347,ANA PAULA COSTA OLIVEIRA,2,0.0,6,20,18,5,3,,,326616,PESSOA_JURIDICA,Descrição do campo PESSOA_JURIDICA,0.0,327644.0,2,Rejeitado,,,,,FLX_CADASTRO_DE_CARTA_DE_SERVIÇO,2,CADASTRO DE CARTA DE SERVIÇO
505001,1504101,20390,REVISÃO,14580,FOR_ALVARA_BD_CADASTRO,2024-02-18 11:32:16,2024-12-20 10:24:10,2024-12-21 15:39:52,52335,ANA PAULA COSTA OLIVEIRA,2,0.0,50,5,17,5,3,,,327267,PESSOA_JURIDICA,Descrição do campo PESSOA_JURIDICA,0.0,,1,"Público - (público em geral, incluindo cidadãos e empresas)",,,,,FLX_CADASTRO_DE_CARTA_DE_SERVIÇO,2,CADASTRO DE CARTA DE SERVIÇO
501863,1500944,20390,REVISÃO,14573,FOR_ALVARA_BD_CADASTRO,2024-07-14 17:38:41,2025-05-16 16:30:35,2025-05-17 21:46:17,52718,ANA PAULA COSTA OLIVEIRA,2,0.0,4,43,3,3,1,,,327020,REQUISITOS,Descrição do campo REQUISITOS,0.0,327583.0,6,Rejeitado,,,,,FLX_CADASTRO_DE_CARTA_DE_SERVIÇO,2,CADASTRO DE CARTA DE SERVIÇO
503945,1500176,20390,REVISÃO,14574,FOR_ALVARA_BD_CADASTRO,2024-07-14 13:25:44,2025-05-16 12:17:38,2025-05-17 17:33:20,51183,JOÃO CARLOS SILVA,2,0.0,32,20,11,3,2,,,327197,UORG_ENTIDADE_SUB,Descrição do campo UORG_ENTIDADE_SUB,0.0,,9,Sim,,,,,FLX_CADASTRO_DE_CARTA_DE_SERVIÇO,2,CADASTRO DE CARTA DE SERVIÇO
503469,1502711,20390,REVISÃO,14573,FOR_ALVARA_BD_CADASTRO,2024-01-23 16:42:45,2024-11-24 15:34:39,2024-11-25 20:50:21,52330,ANA PAULA COSTA OLIVEIRA,2,0.0,43,29,13,4,2,,,326920,UORG_ENTIDADE_SUB,Descrição do campo UORG_ENTIDADE_SUB,0.0,,2,Sim,,,,,FLX_CADASTRO_DE_CARTA_DE_SERVIÇO,2,CADASTRO DE CARTA DE SERVIÇO
503040,1502352,20390,REVISÃO,14579,FOR_ALVARA_BD_CADASTRO,2024-07-24 10:39:36,2025-05-26 09:31:30,2025-05-27 14:47:12,52199,ANA PAULA COSTA OLIVEIRA,2,0.0,60,16,5,4,2,,,327026,UORG_ENTIDADE_SUB,Descrição do campo UORG_ENTIDADE_SUB,0.0,,2,Presencial,,,,,FLX_CADASTRO_DE_CARTA_DE_SERVIÇO,2,CADASTRO DE CARTA DE SERVIÇO
504067,1500245,20390,REVISÃO,14577,FOR_ALVARA_BD_CADASTRO,2024-02-07 18:45:20,2024-12-09 17:37:14,2024-12-10 22:52:56,51882,JOÃO CARLOS SILVA,2,0.0,56,24,20,2,1,,,327225,UORG_ENTIDADE_SUB,Descrição do campo UORG_ENTIDADE_SUB,0.0,,2,Aprovado,,,,,FLX_CADASTRO_DE_CARTA_DE_SERVIÇO,2,CADASTRO DE CARTA DE SERVIÇO
504544,1500283,20390,REVISÃO,14572,FOR_ALVARA_BD_CADASTRO,2024-01-28 09:28:51,2024-11-29 08:20:45,2024-11-30 13:36:27,52157,ANA PAULA COSTA OLIVEIRA,2,0.0,40,28,11,2,2,,,327345,UORG_ENTIDADE_SUB,Descrição do campo UORG_ENTIDADE_SUB,0.0,,4,Valor_UORG_ENTIDADE_SUB_4,,,,,FLX_CADASTRO_DE_CARTA_DE_SERVIÇO,2,CADASTRO DE CARTA DE SERVIÇO
506618,1500886,20390,REVISÃO,14580,FOR_ALVARA_BD_CADASTRO,2024-10-30 16:28:57,2025-09-01 15:20:51,2025-09-02 20:36:33,51940,JOÃO CARLOS SILVA,2,0.0,18,13,11,5,3,,,327207,INFORMACOES,Descrição do campo INFORMACOES,0.0,,7,Online,,,,,FLX_CADASTRO_DE_CARTA_DE_SERVIÇO,2,CADASTRO DE CARTA DE SERVIÇO
508597,1504715,20390,REVISÃO,14576,FOR_ALVARA_BD_CADASTRO,2024-12-28 17:24:30,2025-10-30 16:16:24,2025-10-31 21:32:06,51203,JOÃO CARLOS SILVA,2,0.0,5,32,2,2,1,,,327064,INFORMACOES,Descrição do campo INFORMACOES,0.0,,4,"Público - (público em geral, incluindo cidadãos e empresas)",,,,,FLX_CADASTRO_DE_CARTA_DE_SERVIÇO,2,CADASTRO DE CARTA DE SERVIÇO
500072,1500565,20390,REVISÃO,14578,FOR_ALVARA_BD_CADASTRO,2024-06-02 15:14:12,2025-04-04 14:06:06,2025-04-05 19:21:48,52020,ANA PAULA COSTA OLIVEIRA,2,0.0,55,16,3,1,1,,,326958,INFORMACOES,Descrição do campo INFORMACOES,0.0,,5,"Público - (público em geral, incluindo cidadãos e empresas)",,,,,FLX_CADASTRO_DE_CARTA_DE_SERVIÇO,2,CADASTRO DE CARTA DE SERVIÇO
504023,1504816,20390,REVISÃO,14577,FOR_ALVARA_BD_CADASTRO,2024-07-28 09:46:57,2025-05-30 08:38:51,2025-05-31 13:54:33,52429,ANA PAULA COSTA OLIVEIRA,2,0.0,16,39,13,1,2,,,326516,INFORMACOES,Descrição do campo INFORMACOES,0.0,327414.0,9,Presencial,,,,,FLX_CADASTRO_DE_CARTA_DE_SERVIÇO,2,CADASTRO DE CARTA DE SERVIÇO
506549,1501401,20390,REVISÃO,14577,FOR_ALVARA_BD_CADASTRO,2024-04-10 17:13:45,2025-02-10 16:05:39,2025-02-11 21:21:21,52278,ANA PAULA COSTA OLIVEIRA,2,0.0,40,29,2,1,3,,,326971,INFORMACOES,Descrição do campo INFORMACOES,0.0,,1,Não,,,,,FLX_CADASTRO_DE_CARTA_DE_SERVIÇO,2,CADASTRO DE CARTA DE SERVIÇO
501369,1502562,20390,REVISÃO,14579,FOR_ALVARA_BD_CADASTRO,2024-01-16 15:13:55,2024-11-17 14:05:49,2024-11-18 19:21:31,50453,MARIA FERNANDA SANTOS PERES,2,0.0,8,28,2,1,1,,,326714,CATEGORIA,Descrição do campo CATEGORIA,0.0,,1,2024-01-15,,,,,FLX_CADASTRO_DE_CARTA_DE_SERVIÇO,2,CADASTRO DE CARTA DE SERVIÇO
502977,1501303,20390,REVISÃO,14580,FOR_ALVARA_BD_CADASTRO,2024-10-08 10:51:44,2025-08-10 09:43:38,2025-08-11 14:59:20,52829,ANA PAULA COSTA OLIVEIRA,2,0.0,42,49,10,3,3,,,327085,CATEGORIA,Descrição do campo CATEGORIA,0.0,,7,Não,,,,,FLX_CADASTRO_DE_CARTA_DE_SERVIÇO,2,CADASTRO DE CARTA DE SERVIÇO
507959,1500009,20390,REVISÃO,14576,FOR_ALVARA_BD_CADASTRO,2024-12-18 15:26:03,2025-10-20 14:17:57,2025-10-21 19:33:39,52394,ANA PAULA COSTA OLIVEIRA,2,0.0,8,45,20,4,2,,,326826,CATEGORIA,Descrição do campo CATEGORIA,0.0,327254.0,3,Aprovado,,,,,FLX_CADASTRO_DE_CARTA_DE_SERVIÇO,2,CADASTRO DE CARTA DE SERVIÇO
502824,1500467,20390,REVISÃO,14580,FOR_ALVARA_BD_CADASTRO,2024-07-26 16:43:46,2025-05-28 15:35:40,2025-05-29 20:51:22,51657,JOÃO CARLOS SILVA,2,0.0,14,7,16,2,3,,,327011,CATEGORIA,Descrição do campo CATEGORIA,0.0,,1,30 minutos,,,,,FLX_CADASTRO_DE_CARTA_DE_SERVIÇO,2,CADASTRO DE CARTA DE SERVIÇO
506455,1501350,20390,REVISÃO,14580,FOR_ALVARA_BD_CADASTRO,2024-10-25 11:53:40,2025-08-27 10:45:34,2025-08-28 16:01:16,52876,ANA PAULA COSTA OLIVEIRA,2,0.0,2,19,19,2,1,,,326511,PRIORIDADE,Descrição do campo PRIORIDADE,0.0,,9,Online,,,,,FLX_CADASTRO_DE_CARTA_DE_SERVIÇO,2,CADASTRO DE CARTA DE SERVIÇO
503113,1502921,20390,REVISÃO,14571,FOR_ALVARA_BD_CADASTRO,2024-01-17 16:10:03,2024-11-18 15:01:57,2024-11-19 20:17:39,50386,MARIA FERNANDA SANTOS PERES,2,0.0,2,44,16,3,3,,,326817,PRIORIDADE,Descrição do campo PRIORIDADE,0.0,,9,Não,,,,,FLX_CADASTRO_DE_CARTA_DE_SERVIÇO,2,CADASTRO DE CARTA DE SERVIÇO
501452,1500266,20390,REVISÃO,14576,FOR_ALVARA_BD_CADASTRO,2024-01-22 11:25:07,2024-11-23 10:17:01,2024-11-24 15:32:43,52444,ANA PAULA COSTA OLIVEIRA,2,0.0,20,14,11,1,2,,,327008,PRIORIDADE,Descrição do campo PRIORIDADE,0.0,,6,Rejeitado,,,,,FLX_CADASTRO_DE_CARTA_DE_SERVIÇO,2,CADASTRO DE CARTA DE SERVIÇO
503116,1500665,20390,REVISÃO,14575,FOR_ALVARA_BD_CADASTRO,2024-10-17 15:03:35,2025-08-19 13:55:29,2025-08-20 19:11:11,52535,ANA PAULA COSTA OLIVEIRA,2,0.0,36,29,18,2,2,,,327167,PRIORIDADE,Descrição do campo PRIORIDADE,0.0,,5,,,,,,FLX_CADASTRO_DE_CARTA_DE_SERVIÇO,2,CADASTRO DE CARTA DE SERVIÇO
505151,1501856,20390,REVISÃO,14574,FOR_ALVARA_BD_CADASTRO,2024-01-31 16:05:54,2024-12-02 14:57:48,2024-12-03 20:13:30,51182,JOÃO CARLOS SILVA,2,0.0,45,30,17,5,3,,,327363,PESSOA_FISICA,Descrição do campo PESSOA_FISICA,0.0,327984.0,7,30 minutos,,,,,FLX_CADASTRO_DE_CARTA_DE_SERVIÇO,2,CADASTRO DE CARTA DE SERVIÇO
504818,1502526,20390,REVISÃO,14573,FOR_ALVARA_BD_CADASTRO,2024-06-11 14:38:32,2025-04-13 13:30:26,2025-04-14 18:46:08,51187,JOÃO CARLOS SILVA,2,0.0,57,19,8,3,2,,,326714,PESSOA_FISICA,Descrição do campo PESSOA_FISICA,0.0,,1,Não,,,,,FLX_CADASTRO_DE_CARTA_DE_SERVIÇO,2,CADASTRO DE CARTA DE SERVIÇO
506495,1504421,20390,REVISÃO,14573,FOR_ALVARA_BD_CADASTRO,2024-06-27 11:14:01,2025-04-29 10:05:55,2025-04-30 15:21:37,50546,MARIA FERNANDA SANTOS PERES,2,0.0,43,24,0,5,1,,,326553,PESSOA_FISICA,Descrição do campo PESSOA_FISICA,0.0,327244.0,4,"Público - (público em geral, incluindo cidadãos e empresas)",,,,,FLX_CADASTRO_DE_CARTA_DE_SERVIÇO,2,CADASTRO DE CARTA DE SERVIÇO
507973,1503569,20390,REVISÃO,14572,FOR_ALVARA_BD_CADASTRO,2024-01-30 14:37:36,2024-12-01 13:29:30,2024-12-02 18:45:12,50164,MARIA FERNANDA SANTOS PERES,2,0.0,33,44,11,1,3,,,327452,PESSOA_FISICA,Descrição do campo PESSOA_FISICA,0.0,,4,Rejeitado,,,,,FLX_CADASTRO_DE_CARTA_DE_SERVIÇO,2,CADASTRO DE CARTA DE SERVIÇO
507420,1501742,20390,REVISÃO,14580,FOR_ALVARA_BD_CADASTRO,2024-07-11 15:28:28,2025-05-13 14:20:22,2025-05-14 19:36:04,52532,ANA PAULA COSTA OLIVEIRA,2,0.0,25,28,11,1,3,,,326667,PESSOA_FISICA,Descrição do campo PESSOA_FISICA,0.0,,9,Aprovado,,,,,FLX_CADASTRO_DE_CARTA_DE_SERVIÇO,2,CADASTRO DE CARTA DE SERVIÇO
503443,1500515,20390,REVISÃO,14574,FOR_ALVARA_BD_CADASTRO,2024-02-24 16:09:17,2024-12-26 15:01:11,2024-12-27 20:16:53,52091,ANA PAULA COSTA OLIVEIRA,2,0.0,11,27,18,4,3,,,327021,LOG_USUARIO,Descrição do campo LOG_USUARIO,0.0,,1,Online,,,,,FLX_CADASTRO_DE_CARTA_DE_SERVIÇO,2,CADASTRO DE CARTA DE SERVIÇO
508143,1501141,20390,REVISÃO,14576,FOR_ALVARA_BD_CADASTRO,2024-04-28 12:32:31,2025-02-28 11:24:25,2025-03-01 16:40:07,50660,MARIA FERNANDA SANTOS PERES,2,0.0,49,44,16,3,3,,,326992,SERVICO,Descrição do campo SERVICO,0.0,,5,"Público - (público em geral, incluindo cidadãos e empresas)",,,,,FLX_CADASTRO_DE_CARTA_DE_SERVIÇO,2,CADASTRO DE CARTA DE SERVIÇO
501705,1502162,20390,REVISÃO,14575,FOR_ALVARA_BD_CADASTRO,2024-12-23 12:15:17,2025-10-25 11:07:11,2025-10-26 16:22:53,51234,JOÃO CARLOS SILVA,2,0.0,51,45,4,4,1,,,327136,SERVICO,Descrição do campo SERVICO,0.0,327686.0,5,Valor_SERVICO_1,,,,,FLX_CADASTRO_DE_CARTA_DE_SERVIÇO,2,CADASTRO DE CARTA DE SERVIÇO
501106,1501502,20390,REVISÃO,14580,FOR_ALVARA_BD_CADASTRO,2024-12-29 11:31:14,2025-10-31 10:23:08,2025-11-01 15:38:50,52836,ANA PAULA COSTA OLIVEIRA,2,0.0,21,47,20,5,2,,,326849,DESCRICAO,Descrição do campo DESCRICAO,0.0,327539.0,5,Pendente,,,,,FLX_CADASTRO_DE_CARTA_DE_SERVIÇO,2,CADASTRO DE CARTA DE SERVIÇO
509312,1502212,20390,REVISÃO,14573,FOR_ALVARA_BD_CADASTRO,2024-04-05 11:55:10,2025-02-05 10:47:04,2025-02-06 16:02:46,50111,MARIA FERNANDA SANTOS PERES,2,0.0,54,16,10,5,1,,,326635,CONSUMIDOR,Descrição do campo CONSUMIDOR,0.0,,5,Aprovado,,,,,FLX_CADASTRO_DE_CARTA_DE_SERVIÇO,2,CADASTRO DE CARTA DE SERVIÇO
502674,1503738,20390,REVISÃO,14572,FOR_ALVARA_BD_CADASTRO,2024-01-06 09:38:04,2024-11-07 08:29:58,2024-11-08 13:45:40,50259,MARIA FERNANDA SANTOS PERES,2,0.0,41,23,7,2,3,,,326971,ETAPAS,Descrição do campo ETAPAS,0.0,327366.0,1,Não se aplica,,,,,FLX_CADASTRO_DE_CARTA_DE_SERVIÇO,2,CADASTRO DE CARTA DE SERVIÇO
503555,1502592,20390,REVISÃO,14571,FOR_ALVARA_BD_CADASTRO,2024-12-25 17:44:01,2025-10-27 16:35:55,2025-10-28 21:51:37,50414,MARIA FERNANDA SANTOS PERES,2,0.0,4,23,12,1,2,,,326758,ETAPAS,Descrição do campo ETAPAS,0.0,,10,Presencial,,,,,FLX_CADASTRO_DE_CARTA_DE_SERVIÇO,2,CADASTRO DE CARTA DE SERVIÇO
507222,1502408,20390,REVISÃO,14575,FOR_ALVARA_BD_CADASTRO,2024-10-29 15:39:52,2025-08-31 14:31:46,2025-09-01 19:47:28,52631,ANA PAULA COSTA OLIVEIRA,2,0.0,4,43,17,2,3,,,327452,ETAPAS,Descrição do campo ETAPAS,0.0,,2,2024-01-15,,,,,FLX_CADASTRO_DE_CARTA_DE_SERVIÇO,2,CADASTRO DE CARTA DE SERVIÇO
504973,1501137,20390,REVISÃO,14576,FOR_ALVARA_BD_CADASTRO,2024-07-22 11:32:30,2025-05-24 10:24:24,2025-05-25 15:40:06,50036,MARIA FERNANDA SANTOS PERES,2,0.0,51,14,6,3,1,,,326537,ETAPAS,Descrição do campo ETAPAS,0.0,,9,Não se aplica,,,,,FLX_CADASTRO_DE_CARTA_DE_SERVIÇO,2,CADASTRO DE CARTA DE SERVIÇO
500565,1500549,20390,REVISÃO,14574,FOR_ALVARA_BD_CADASTRO,2024-04-27 13:37:35,2025-02-27 12:29:29,2025-02-28 17:45:11,50872,MARIA FERNANDA SANTOS PERES,2,0.0,5,2,5,4,2,,,327182,ETAPAS,Descrição do campo ETAPAS,0.0,,1,,,,,,FLX_CADASTRO_DE_CARTA_DE_SERVIÇO,2,CADASTRO DE CARTA DE SERVIÇO
508416,1502677,20390,REVISÃO,14575,FOR_ALVARA_BD_CADASTRO,2024-10-08 11:09:01,2025-08-10 10:00:55,2025-08-11 15:16:37,52779,ANA PAULA COSTA OLIVEIRA,2,0.0,46,32,12,2,1,,,327429,LEGISLACAO,Descrição do campo LEGISLACAO,0.0,327807.0,8,Sim,,,,,FLX_CADASTRO_DE_CARTA_DE_SERVIÇO,2,CADASTRO DE CARTA DE SERVIÇO
501156,1503544,20390,REVISÃO,14580,FOR_ALVARA_BD_CADASTRO,2024-04-09 08:05:40,2025-02-09 06:57:34,2025-02-10 12:13:16,50861,MARIA FERNANDA SANTOS PERES,2,0.0,45,34,14,1,2,,,327132,LEGISLACAO,Descrição do campo LEGISLACAO,0.0,,8,Não se aplica,,,,,FLX_CADASTRO_DE_CARTA_DE_SERVIÇO,2,CADASTRO DE CARTA DE SERVIÇO
504266,1501179,20390,REVISÃO,14572,FOR_ALVARA_BD_CADASTRO,2024-12-01 13:19:48,2025-10-03 12:11:42,2025-10-04 17:27:24,52271,ANA PAULA COSTA OLIVEIRA,2,0.0,47,50,2,4,1,,,327444,LEGISLACAO,Descrição do campo LEGISLACAO,0.0,,9,,,,,,FLX_CADASTRO_DE_CARTA_DE_SERVIÇO,2,CADASTRO DE CARTA DE SERVIÇO
502297,1503684,20390,REVISÃO,14578,FOR_ALVARA_BD_CADASTRO,2024-02-20 17:06:04,2024-12-22 15:57:58,2024-12-23 21:13:40,52964,ANA PAULA COSTA OLIVEIRA,2,0.0,21,43,17,4,2,,,327059,LEGISLACAO,Descrição do campo LEGISLACAO,0.0,,5,Não se aplica,,,,,FLX_CADASTRO_DE_CARTA_DE_SERVIÇO,2,CADASTRO DE CARTA DE SERVIÇO
508562,1501784,20390,REVISÃO,14580,FOR_ALVARA_BD_CADASTRO,2024-04-05 14:08:02,2025-02-05 12:59:56,2025-02-06 18:15:38,52845,ANA PAULA COSTA OLIVEIRA,2,0.0,20,17,14,1,1,,,326613,LEGISLACAO,Descrição do campo LEGISLACAO,0.0,,9,Pendente,,,,,FLX_CADASTRO_DE_CARTA_DE_SERVIÇO,2,CADASTRO DE CARTA DE SERVIÇO
506222,1501576,20390,REVISÃO,14578,FOR_ALVARA_BD_CADASTRO,2024-07-26 10:42:05,2025-05-28 09:33:59,2025-05-29 14:49:41,50902,MARIA FERNANDA SANTOS PERES,2,0.0,3,49,7,5,1,,,327379,LOG_DATAHORA,Descrição do campo LOG_DATAHORA,0.0,327271.0,3,Online,,,,,FLX_CADASTRO_DE_CARTA_DE_SERVIÇO,2,CADASTRO DE CARTA DE SERVIÇO
502561,1501866,20390,REVISÃO,14579,FOR_ALVARA_BD_CADASTRO,2024-10-01 09:49:27,2025-08-03 08:41:21,2025-08-04 13:57:03,51168,JOÃO CARLOS SILVA,2,0.0,25,16,1,2,3,,,326973,LOG_DATAHORA,Descrição do campo LOG_DATAHORA,0.0,327502.0,2,Não,,,,,FLX_CADASTRO_DE_CARTA_DE_SERVIÇO,2,CADASTRO DE CARTA DE SERVIÇO
504939,1500450,20390,REVISÃO,14577,FOR_ALVARA_BD_CADASTRO,2024-01-28 16:06:03,2024-11-29 14:57:57,2024-11-30 20:13:39,51106,JOÃO CARLOS SILVA,2,0.0,33,23,6,3,3,,,326510,AREA_RESPONSAVEL,Descrição do campo AREA_RESPONSAVEL,0.0,,8,Rejeitado,,,,,FLX_CADASTRO_DE_CARTA_DE_SERVIÇO,2,CADASTRO DE CARTA DE SERVIÇO
503273,1502208,20390,REVISÃO,14579,FOR_ALVARA_BD_CADASTRO,2024-04-14 16:00:07,2025-02-14 14:52:01,2025-02-15 20:07:43,51540,JOÃO CARLOS SILVA,2,0.0,43,24,1,2,1,,,327334,LOG_SERVICO,Descrição do campo LOG_SERVICO,0.0,327585.0,2,Valor_LOG_SERVICO_0,,,,,FLX_CADASTRO_DE_CARTA_DE_SERVIÇO,2,CADASTRO DE CARTA DE SERVIÇO
501515,1500351,20390,REVISÃO,14571,FOR_ALVARA_BD_CADASTRO,2024-02-21 16:00:42,2024-12-23 14:52:36,2024-12-24 20:08:18,50650,MARIA FERNANDA SANTOS PERES,2,0.0,18,27,15,4,3,,,326528,LOG_SERVICO,Descrição do campo LOG_SERVICO,0.0,,5,2024-01-15,,,,,FLX_CADASTRO_DE_CARTA_DE_SERVIÇO,2,CADASTRO DE CARTA DE SERVIÇO
502630,1501458,20390,REVISÃO,14575,FOR_ALVARA_BD_CADASTRO,2024-06-04 12:11:37,2025-04-06 11:03:31,2025-04-07 16:19:13,52157,ANA PAULA COSTA OLIVEIRA,2,0.0,50,44,15,1,3,,,326800,LOG_SERVICO,Descrição do campo LOG_SERVICO,0.0,,1,Presencial,,,,,FLX_CADASTRO_DE_CARTA_DE_SERVIÇO,2,CADASTRO DE CARTA DE SERVIÇO
504831,1504158,20390,REVISÃO,14576,FOR_ALVARA_BD_CADASTRO,2024-02-06 15:53:34,2024-12-08 14:45:28,2024-12-09 20:01:10,51874,JOÃO CARLOS SILVA,2,0.0,3,45,17,1,3,,,326931,LOG_SERVICO,Descrição do campo LOG_SERVICO,0.0,327701.0,3,Sim,,,,,FLX_CADASTRO_DE_CARTA_DE_SERVIÇO,2,CADASTRO DE CARTA DE SERVIÇO
500322,1500168,20390,REVISÃO,14579,FOR_ALVARA_BD_CADASTRO,2024-04-04 13:49:35,2025-02-04 12:41:29,2025-02-05 17:57:11,50998,MARIA FERNANDA SANTOS PERES,2,0.0,37,33,14,4,1,,,326581,TAXA,Descrição do campo TAXA,0.0,,5,Não,,,,,FLX_CADASTRO_DE_CARTA_DE_SERVIÇO,2,CADASTRO DE CARTA DE SERVIÇO
501619,1504225,20390,REVISÃO,14577,FOR_ALVARA_BD_CADASTRO,2024-06-04 14:57:36,2025-04-06 13:49:30,2025-04-07 19:05:12,50138,MARIA FERNANDA SANTOS PERES,2,0.0,49,38,12,2,2,,,327279,TAXA,Descrição do campo TAXA,0.0,,7,30 minutos,,,,,FLX_CADASTRO_DE_CARTA_DE_SERVIÇO,2,CADASTRO DE CARTA DE SERVIÇO
507144,1502723,20390,REVISÃO,14579,FOR_ALVARA_BD_CADASTRO,2024-12-07 14:24:57,2025-10-09 13:16:51,2025-10-10 18:32:33,52010,ANA PAULA COSTA OLIVEIRA,2,0.0,25,49,18,4,3,,,327258,TAXA,Descrição do campo TAXA,0.0,,3,30 minutos,,,,,FLX_CADASTRO_DE_CARTA_DE_SERVIÇO,2,CADASTRO DE CARTA DE SERVIÇO
501855,1502825,20390,REVISÃO,14574,FOR_ALVARA_BD_CADASTRO,2024-06-12 18:32:25,2025-04-14 17:24:19,2025-04-15 22:40:01,52564,ANA PAULA COSTA OLIVEIRA,2,0.0,54,20,11,4,3,,,326849,TAXA,Descrição do campo TAXA,0.0,,3,2024-01-15,,,,,FLX_CADASTRO_DE_CARTA_DE_SERVIÇO,2,CADASTRO DE CARTA DE SERVIÇO
500622,1503488,20390,REVISÃO,14574,FOR_ALVARA_BD_CADASTRO,2024-06-09 09:49:17,2025-04-11 08:41:11,2025-04-12 13:56:53,50675,MARIA FERNANDA SANTOS PERES,2,0.0,4,46,3,3,2,,,327033,TAXA,Descrição do campo TAXA,0.0,327859.0,7,Presencial,,,,,FLX_CADASTRO_DE_CARTA_DE_SERVIÇO,2,CADASTRO DE CARTA DE SERVIÇO
500742,1500579,20390,REVISÃO,14580,FOR_ALVARA_BD_CADASTRO,2024-12-03 14:26:21,2025-10-05 13:18:15,2025-10-06 18:33:57,51964,JOÃO CARLOS SILVA,2,0.0,58,6,16,4,2,,,326772,SINONIMOS,Descrição do campo SINONIMOS,0.0,,7,Sim,,,,,FLX_CADASTRO_DE_CARTA_DE_SERVIÇO,2,CADASTRO DE CARTA DE SERVIÇO
507183,1501894,20390,REVISÃO,14576,FOR_ALVARA_BD_CADASTRO,2024-01-26 15:18:27,2024-11-27 14:10:21,2024-11-28 19:26:03,50542,MARIA FERNANDA SANTOS PERES,2,0.0,7,31,4,3,2,,,326876,RETORNO,Descrição do campo RETORNO,0.0,,6,Online,,,,,FLX_CADASTRO_DE_CARTA_DE_SERVIÇO,2,CADASTRO DE CARTA DE SERVIÇO
509220,1503822,20390,REVISÃO,14578,FOR_ALVARA_BD_CADASTRO,2024-07-14 09:42:58,2025-05-16 08:34:52,2025-05-17 13:50:34,52947,ANA PAULA COSTA OLIVEIRA,2,0.0,11,9,15,1,1,,,327480,RETORNO,Descrição do campo RETORNO,0.0,327656.0,10,2024-01-15,,,,,FLX_CADASTRO_DE_CARTA_DE_SERVIÇO,2,CADASTRO DE CARTA DE SERVIÇO
507419,1501884,20400,CONCLUÍDO,14579,FOR_ALVARA_BD_CADASTRO,2024-01-13 08:10:24,2024-11-14 07:02:18,2024-11-15 12:18:00,50441,MARIA FERNANDA SANTOS PERES,2,0.0,35,35,10,4,2,,,326782,ETAPAS,Descrição do campo ETAPAS,0.0,327952.0,5,Rejeitado,,,,,FLX_CADASTRO_DE_CARTA_DE_SERVIÇO,2,CADASTRO DE CARTA DE SERVIÇO
508478,1500563,20400,CONCLUÍDO,14572,FOR_ALVARA_BD_CADASTRO,2024-10-31 11:43:19,2025-09-02 10:35:13,2025-09-03 15:50:55,51410,JOÃO CARLOS SILVA,2,0.0,47,38,18,2,1,,,327397,ETAPAS,Descrição do campo ETAPAS,0.0,,1,"Público - (público em geral, incluindo cidadãos e empresas)",,,,,FLX_CADASTRO_DE_CARTA_DE_SERVIÇO,2,CADASTRO DE CARTA DE SERVIÇO
502946,1503516,20400,CONCLUÍDO,14578,FOR_ALVARA_BD_CADASTRO,2024-04-10 13:57:59,2025-02-10 12:49:53,2025-02-11 18:05:35,51519,JOÃO CARLOS SILVA,2,0.0,22,32,12,1,2,,,327221,ETAPAS,Descrição do campo ETAPAS,0.0,,7,Sim,,,,,FLX_CADASTRO_DE_CARTA_DE_SERVIÇO,2,CADASTRO DE CARTA DE SERVIÇO
501803,1504200,20400,CONCLUÍDO,14574,FOR_ALVARA_BD_CADASTRO,2024-12-08 12:28:04,2025-10-10 11:19:58,2025-10-11 16:35:40,51371,JOÃO CARLOS SILVA,2,0.0,32,40,3,2,1,,,327386,LOG_DATAHORA,Descrição do campo LOG_DATAHORA,0.0,,3,Aprovado,,,,,FLX_CADASTRO_DE_CARTA_DE_SERVIÇO,2,CADASTRO DE CARTA DE SERVIÇO
502699,1502484,20400,CONCLUÍDO,14576,FOR_ALVARA_BD_CADASTRO,2024-04-07 18:15:42,2025-02-07 17:07:36,2025-02-08 22:23:18,52907,ANA PAULA COSTA OLIVEIRA,2,0.0,50,43,13,4,2,,,326659,PESSOA_FISICA,Descrição do campo PESSOA_FISICA,0.0,,10,Presencial,,,,,FLX_CADASTRO_DE_CARTA_DE_SERVIÇO,2,CADASTRO DE CARTA DE SERVIÇO
507717,1502304,20400,CONCLUÍDO,14574,FOR_ALVARA_BD_CADASTRO,2024-01-21 16:53:00,2024-11-22 15:44:54,2024-11-23 21:00:36,50711,MARIA FERNANDA SANTOS PERES,2,0.0,26,22,11,2,2,,,327159,PRIORIDADE,Descrição do campo PRIORIDADE,0.0,327788.0,3,Não se aplica,,,,,FLX_CADASTRO_DE_CARTA_DE_SERVIÇO,2,CADASTRO DE CARTA DE SERVIÇO
504319,1503292,20400,CONCLUÍDO,14572,FOR_ALVARA_BD_CADASTRO,2024-10-29 18:36:12,2025-08-31 17:28:06,2025-09-01 22:43:48,50675,MARIA FERNANDA SANTOS PERES,2,0.0,48,29,2,1,2,,,326635,CATEGORIA,Descrição do campo CATEGORIA,0.0,,7,Presencial,,,,,FLX_CADASTRO_DE_CARTA_DE_SERVIÇO,2,CADASTRO DE CARTA DE SERVIÇO
508025,1502342,20400,CONCLUÍDO,14580,FOR_ALVARA_BD_CADASTRO,2024-12-13 13:42:43,2025-10-15 12:34:37,2025-10-16 17:50:19,52892,ANA PAULA COSTA OLIVEIRA,2,0.0,42,1,12,5,2,,,327322,CATEGORIA,Descrição do campo CATEGORIA,0.0,,6,Não,,,,,FLX_CADASTRO_DE_CARTA_DE_SERVIÇO,2,CADASTRO DE CARTA DE SERVIÇO
506780,1502876,20400,CONCLUÍDO,14576,FOR_ALVARA_BD_CADASTRO,2024-10-23 14:31:25,2025-08-25 13:23:19,2025-08-26 18:39:01,50907,MARIA FERNANDA SANTOS PERES,2,0.0,8,19,13,4,3,,,327411,CATEGORIA,Descrição do campo CATEGORIA,0.0,,7,"Público - (público em geral, incluindo cidadãos e empresas)",,,,,FLX_CADASTRO_DE_CARTA_DE_SERVIÇO,2,CADASTRO DE CARTA DE SERVIÇO
502558,1502150,20400,CONCLUÍDO,14572,FOR_ALVARA_BD_CADASTRO,2024-07-31 18:12:23,2025-06-02 17:04:17,2025-06-03 22:19:59,51980,JOÃO CARLOS SILVA,2,0.0,7,4,0,3,1,,,327244,CATEGORIA,Descrição do campo CATEGORIA,0.0,327403.0,8,Aprovado,,,,,FLX_CADASTRO_DE_CARTA_DE_SERVIÇO,2,CADASTRO DE CARTA DE SERVIÇO
508893,1501819,20400,CONCLUÍDO,14575,FOR_ALVARA_BD_CADASTRO,2024-06-22 11:25:21,2025-04-24 10:17:15,2025-04-25 15:32:57,52755,ANA PAULA COSTA OLIVEIRA,2,0.0,50,34,6,1,1,,,326522,CATEGORIA,Descrição do campo CATEGORIA,0.0,,3,Presencial,,,,,FLX_CADASTRO_DE_CARTA_DE_SERVIÇO,2,CADASTRO DE CARTA DE SERVIÇO
504301,1501799,20400,CONCLUÍDO,14573,FOR_ALVARA_BD_CADASTRO,2024-07-10 14:35:53,2025-05-12 13:27:47,2025-05-13 18:43:29,52128,ANA PAULA COSTA OLIVEIRA,2,0.0,47,34,12,5,3,,,327350,REQUISITOS,Descrição do campo REQUISITOS,0.0,327509.0,3,30 minutos,,,,,FLX_CADASTRO_DE_CARTA_DE_SERVIÇO,2,CADASTRO DE CARTA DE SERVIÇO
500052,1503585,20400,CONCLUÍDO,14579,FOR_ALVARA_BD_CADASTRO,2024-02-23 12:39:51,2024-12-25 11:31:45,2024-12-26 16:47:27,50540,MARIA FERNANDA SANTOS PERES,2,0.0,36,9,3,1,3,,,326762,REQUISITOS,Descrição do campo REQUISITOS,0.0,327374.0,5,"Público - (público em geral, incluindo cidadãos e empresas)",,,,,FLX_CADASTRO_DE_CARTA_DE_SERVIÇO,2,CADASTRO DE CARTA DE SERVIÇO
507623,1502480,20400,CONCLUÍDO,14576,FOR_ALVARA_BD_CADASTRO,2024-02-11 09:00:29,2024-12-13 07:52:23,2024-12-14 13:08:05,52227,ANA PAULA COSTA OLIVEIRA,2,0.0,12,21,2,4,1,,,327189,REQUISITOS,Descrição do campo REQUISITOS,0.0,,9,Sim,,,,,FLX_CADASTRO_DE_CARTA_DE_SERVIÇO,2,CADASTRO DE CARTA DE SERVIÇO
504086,1502568,20400,CONCLUÍDO,14579,FOR_ALVARA_BD_CADASTRO,2024-01-07 08:37:47,2024-11-08 07:29:41,2024-11-09 12:45:23,51136,JOÃO CARLOS SILVA,2,0.0,4,26,20,3,3,,,327170,LEGISLACAO,Descrição do campo LEGISLACAO,0.0,,8,,,,,,FLX_CADASTRO_DE_CARTA_DE_SERVIÇO,2,CADASTRO DE CARTA DE SERVIÇO
509574,1504354,20400,CONCLUÍDO,14576,FOR_ALVARA_BD_CADASTRO,2024-10-02 11:30:39,2025-08-04 10:22:33,2025-08-05 15:38:15,52821,ANA PAULA COSTA OLIVEIRA,2,0.0,55,47,20,5,3,,,326971,LEGISLACAO,Descrição do campo LEGISLACAO,0.0,,2,Presencial,,,,,FLX_CADASTRO_DE_CARTA_DE_SERVIÇO,2,CADASTRO DE CARTA DE SERVIÇO
506913,1503099,20400,CONCLUÍDO,14579,FOR_ALVARA_BD_CADASTRO,2024-10-08 09:29:08,2025-08-10 08:21:02,2025-08-11 13:36:44,52525,ANA PAULA COSTA OLIVEIRA,2,0.0,35,14,12,1,2,,,326911,INSTRUCOES,Descrição do campo INSTRUCOES,0.0,,6,Aprovado,,,,,FLX_CADASTRO_DE_CARTA_DE_SERVIÇO,2,CADASTRO DE CARTA DE SERVIÇO
503504,1502941,20400,CONCLUÍDO,14577,FOR_ALVARA_BD_CADASTRO,2024-02-22 09:56:08,2024-12-24 08:48:02,2024-12-25 14:03:44,51818,JOÃO CARLOS SILVA,2,0.0,16,18,7,5,2,,,327101,INSTRUCOES,Descrição do campo INSTRUCOES,0.0,,10,Não se aplica,,,,,FLX_CADASTRO_DE_CARTA_DE_SERVIÇO,2,CADASTRO DE CARTA DE SERVIÇO
508751,1502425,20400,CONCLUÍDO,14574,FOR_ALVARA_BD_CADASTRO,2024-04-29 14:39:47,2025-03-01 13:31:41,2025-03-02 18:47:23,51933,JOÃO CARLOS SILVA,2,0.0,35,48,17,2,3,,,326980,INSTRUCOES,Descrição do campo INSTRUCOES,0.0,327303.0,1,Sim,,,,,FLX_CADASTRO_DE_CARTA_DE_SERVIÇO,2,CADASTRO DE CARTA DE SERVIÇO
501693,1502167,20400,CONCLUÍDO,14573,FOR_ALVARA_BD_CADASTRO,2024-10-24 16:27:53,2025-08-26 15:19:47,2025-08-27 20:35:29,50097,MARIA FERNANDA SANTOS PERES,2,0.0,3,18,10,2,2,,,327202,TAXA,Descrição do campo TAXA,0.0,327482.0,10,2024-01-15,,,,,FLX_CADASTRO_DE_CARTA_DE_SERVIÇO,2,CADASTRO DE CARTA DE SERVIÇO
509114,1501380,20400,CONCLUÍDO,14578,FOR_ALVARA_BD_CADASTRO,2024-10-18 17:20:48,2025-08-20 16:12:42,2025-08-21 21:28:24,51715,JOÃO CARLOS SILVA,2,0.0,10,35,1,3,2,,,326826,SERVICO,Descrição do campo SERVICO,0.0,,9,Não,,,,,FLX_CADASTRO_DE_CARTA_DE_SERVIÇO,2,CADASTRO DE CARTA DE SERVIÇO
506476,1500457,20400,CONCLUÍDO,14571,FOR_ALVARA_BD_CADASTRO,2024-12-13 14:34:47,2025-10-15 13:26:41,2025-10-16 18:42:23,51026,JOÃO CARLOS SILVA,2,0.0,13,44,20,4,2,,,327378,CONSUMIDOR,Descrição do campo CONSUMIDOR,0.0,,5,"Público - (público em geral, incluindo cidadãos e empresas)",,,,,FLX_CADASTRO_DE_CARTA_DE_SERVIÇO,2,CADASTRO DE CARTA DE SERVIÇO
501379,1504694,20400,CONCLUÍDO,14576,FOR_ALVARA_BD_CADASTRO,2024-02-27 16:19:59,2024-12-29 15:11:53,2024-12-30 20:27:35,51740,JOÃO CARLOS SILVA,2,0.0,44,44,18,2,2,,,326508,CONSUMIDOR,Descrição do campo CONSUMIDOR,0.0,,8,Rejeitado,,,,,FLX_CADASTRO_DE_CARTA_DE_SERVIÇO,2,CADASTRO DE CARTA DE SERVIÇO
503900,1504192,20400,CONCLUÍDO,14580,FOR_ALVARA_BD_CADASTRO,2024-06-27 15:22:19,2025-04-29 14:14:13,2025-04-30 19:29:55,51833,JOÃO CARLOS SILVA,2,0.0,12,28,4,5,2,,,326580,CONSUMIDOR,Descrição do campo CONSUMIDOR,0.0,,3,Pendente,,,,,FLX_CADASTRO_DE_CARTA_DE_SERVIÇO,2,CADASTRO DE CARTA DE SERVIÇO
501371,1500927,20400,CONCLUÍDO,14575,FOR_ALVARA_BD_CADASTRO,2024-07-01 12:18:13,2025-05-03 11:10:07,2025-05-04 16:25:49,51521,JOÃO CARLOS SILVA,2,0.0,22,32,20,4,3,,,326848,CONSUMIDOR,Descrição do campo CONSUMIDOR,0.0,,6,Presencial,,,,,FLX_CADASTRO_DE_CARTA_DE_SERVIÇO,2,CADASTRO DE CARTA DE SERVIÇO
509116,1504894,20400,CONCLUÍDO,14579,FOR_ALVARA_BD_CADASTRO,2024-06-09 08:06:38,2025-04-11 06:58:32,2025-04-12 12:14:14,51200,JOÃO CARLOS SILVA,2,0.0,60,16,8,2,3,,,327439,SINONIMOS,Descrição do campo SINONIMOS,0.0,,7,Aprovado,,,,,FLX_CADASTRO_DE_CARTA_DE_SERVIÇO,2,CADASTRO DE CARTA DE SERVIÇO
507883,1504548,20400,CONCLUÍDO,14571,FOR_ALVARA_BD_CADASTRO,2024-12-15 10:39:34,2025-10-17 09:31:28,2025-10-18 14:47:10,51279,JOÃO CARLOS SILVA,2,0.0,46,41,4,5,2,,,327372,UORG_ENTIDADE_SUB,Descrição do campo UORG_ENTIDADE_SUB,0.0,,10,"Público - (público em geral, incluindo cidadãos e empresas)",,,,,FLX_CADASTRO_DE_CARTA_DE_SERVIÇO,2,CADASTRO DE CARTA DE SERVIÇO
509746,1501058,20400,CONCLUÍDO,14578,FOR_ALVARA_BD_CADASTRO,2024-06-26 09:24:55,2025-04-28 08:16:49,2025-04-29 13:32:31,52982,ANA PAULA COSTA OLIVEIRA,2,0.0,42,22,18,2,3,,,326586,LOG_SERVICO,Descrição do campo LOG_SERVICO,0.0,,4,Online,,,,,FLX_CADASTRO_DE_CARTA_DE_SERVIÇO,2,CADASTRO DE CARTA DE SERVIÇO
508852,1503322,20400,CONCLUÍDO,14575,FOR_ALVARA_BD_CADASTRO,2024-04-11 10:40:16,2025-02-11 09:32:10,2025-02-12 14:47:52,52797,ANA PAULA COSTA OLIVEIRA,2,0.0,7,29,0,5,1,,,326757,LOG_SERVICO,Descrição do campo LOG_SERVICO,0.0,,5,Pendente,,,,,FLX_CADASTRO_DE_CARTA_DE_SERVIÇO,2,CADASTRO DE CARTA DE SERVIÇO
507871,1503629,20400,CONCLUÍDO,14578,FOR_ALVARA_BD_CADASTRO,2024-07-10 16:08:12,2025-05-12 15:00:06,2025-05-13 20:15:48,51457,JOÃO CARLOS SILVA,2,0.0,16,39,17,5,2,,,326992,LOG_SERVICO,Descrição do campo LOG_SERVICO,0.0,,7,Valor_LOG_SERVICO_2,,,,,FLX_CADASTRO_DE_CARTA_DE_SERVIÇO,2,CADASTRO DE CARTA DE SERVIÇO
501391,1500952,20400,CONCLUÍDO,14580,FOR_ALVARA_BD_CADASTRO,2024-01-03 11:10:26,2024-11-04 10:02:20,2024-11-05 15:18:02,51547,JOÃO CARLOS SILVA,2,0.0,54,44,11,2,1,,,327352,AREA_RESPONSAVEL,Descrição do campo AREA_RESPONSAVEL,0.0,,9,Sim,,,,,FLX_CADASTRO_DE_CARTA_DE_SERVIÇO,2,CADASTRO DE CARTA DE SERVIÇO
504120,1503799,20410,CADASTRO,14576,FOR_ALVARA_BD_CADASTRO,2024-12-03 10:09:14,2025-10-05 09:01:08,2025-10-06 14:16:50,52864,ANA PAULA COSTA OLIVEIRA,2,0.0,5,30,14,1,2,,,327052,PESSOA_FISICA,Descrição do campo PESSOA_FISICA,0.0,,3,30 minutos,,,,,FLX_CADASTRO_DE_CARTA_DE_SERVIÇO,2,CADASTRO DE CARTA DE SERVIÇO
501287,1500895,20410,CADASTRO,14571,FOR_ALVARA_BD_CADASTRO,2024-04-26 08:57:22,2025-02-26 07:49:16,2025-02-27 13:04:58,52867,ANA PAULA COSTA OLIVEIRA,2,0.0,25,43,5,2,2,,,327321,PESSOA_FISICA,Descrição do campo PESSOA_FISICA,0.0,,10,2024-01-15,,,,,FLX_CADASTRO_DE_CARTA_DE_SERVIÇO,2,CADASTRO DE CARTA DE SERVIÇO
505243,1502465,20410,CADASTRO,14575,FOR_ALVARA_BD_CADASTRO,2024-06-07 12:02:45,2025-04-09 10:54:39,2025-04-10 16:10:21,51999,JOÃO CARLOS SILVA,2,0.0,56,42,19,2,2,,,327161,PESSOA_FISICA,Descrição do campo PESSOA_FISICA,0.0,327512.0,10,Sim,,,,,FLX_CADASTRO_DE_CARTA_DE_SERVIÇO,2,CADASTRO DE CARTA DE SERVIÇO
503175,1504259,20410,CADASTRO,14577,FOR_ALVARA_BD_CADASTRO,2024-01-31 17:15:37,2024-12-02 16:07:31,2024-12-03 21:23:13,50828,MARIA FERNANDA SANTOS PERES,2,0.0,1,32,3,1,1,,,327352,PESSOA_FISICA,Descrição do campo PESSOA_FISICA,0.0,327923.0,5,30 minutos,,,,,FLX_CADASTRO_DE_CARTA_DE_SERVIÇO,2,CADASTRO DE CARTA DE SERVIÇO
500773,1502537,20410,CADASTRO,14576,FOR_ALVARA_BD_CADASTRO,2024-12-09 14:31:01,2025-10-11 13:22:55,2025-10-12 18:38:37,52527,ANA PAULA COSTA OLIVEIRA,2,0.0,5,16,7,1,2,,,326604,PESSOA_FISICA,Descrição do campo PESSOA_FISICA,0.0,327332.0,1,Aprovado,,,,,FLX_CADASTRO_DE_CARTA_DE_SERVIÇO,2,CADASTRO DE CARTA DE SERVIÇO
507607,1503134,20410,CADASTRO,14572,FOR_ALVARA_BD_CADASTRO,2024-12-09 16:31:40,2025-10-11 15:23:34,2025-10-12 20:39:16,50679,MARIA FERNANDA SANTOS PERES,2,0.0,15,43,14,5,3,,,326809,SINONIMOS,Descrição do campo SINONIMOS,0.0,,2,Online,,,,,FLX_CADASTRO_DE_CARTA_DE_SERVIÇO,2,CADASTRO DE CARTA DE SERVIÇO
502303,1500789,20410,CADASTRO,14580,FOR_ALVARA_BD_CADASTRO,2024-12-24 16:51:38,2025-10-26 15:43:32,2025-10-27 20:59:14,52290,ANA PAULA COSTA OLIVEIRA,2,0.0,56,35,19,3,1,,,326926,SINONIMOS,Descrição do campo SINONIMOS,0.0,,5,30 minutos,,,,,FLX_CADASTRO_DE_CARTA_DE_SERVIÇO,2,CADASTRO DE CARTA DE SERVIÇO
501261,1501191,20410,CADASTRO,14574,FOR_ALVARA_BD_CADASTRO,2024-06-14 13:46:50,2025-04-16 12:38:44,2025-04-17 17:54:26,51849,JOÃO CARLOS SILVA,2,0.0,46,37,2,2,2,,,327288,SINONIMOS,Descrição do campo SINONIMOS,0.0,,6,Aprovado,,,,,FLX_CADASTRO_DE_CARTA_DE_SERVIÇO,2,CADASTRO DE CARTA DE SERVIÇO
505538,1501880,20410,CADASTRO,14578,FOR_ALVARA_BD_CADASTRO,2024-02-08 12:25:08,2024-12-10 11:17:02,2024-12-11 16:32:44,50853,MARIA FERNANDA SANTOS PERES,2,0.0,22,29,9,3,2,,,326823,SINONIMOS,Descrição do campo SINONIMOS,0.0,,5,Pendente,,,,,FLX_CADASTRO_DE_CARTA_DE_SERVIÇO,2,CADASTRO DE CARTA DE SERVIÇO
509604,1500234,20410,CADASTRO,14573,FOR_ALVARA_BD_CADASTRO,2024-04-06 15:35:45,2025-02-06 14:27:39,2025-02-07 19:43:21,50267,MARIA FERNANDA SANTOS PERES,2,0.0,3,10,12,5,2,,,327434,PESSOA_JURIDICA,Descrição do campo PESSOA_JURIDICA,0.0,,1,30 minutos,,,,,FLX_CADASTRO_DE_CARTA_DE_SERVIÇO,2,CADASTRO DE CARTA DE SERVIÇO
505044,1500267,20410,CADASTRO,14575,FOR_ALVARA_BD_CADASTRO,2024-07-14 18:24:43,2025-05-16 17:16:37,2025-05-17 22:32:19,50958,MARIA FERNANDA SANTOS PERES,2,0.0,6,23,3,5,1,,,327240,PESSOA_JURIDICA,Descrição do campo PESSOA_JURIDICA,0.0,,3,Sim,,,,,FLX_CADASTRO_DE_CARTA_DE_SERVIÇO,2,CADASTRO DE CARTA DE SERVIÇO
509838,1502117,20410,CADASTRO,14572,FOR_ALVARA_BD_CADASTRO,2024-02-29 11:23:18,2024-12-31 10:15:12,2025-01-01 15:30:54,50843,MARIA FERNANDA SANTOS PERES,2,0.0,25,31,16,5,3,,,327155,SERVICO,Descrição do campo SERVICO,0.0,327993.0,6,Sim,,,,,FLX_CADASTRO_DE_CARTA_DE_SERVIÇO,2,CADASTRO DE CARTA DE SERVIÇO
504587,1502678,20410,CADASTRO,14575,FOR_ALVARA_BD_CADASTRO,2024-01-16 10:12:18,2024-11-17 09:04:12,2024-11-18 14:19:54,50914,MARIA FERNANDA SANTOS PERES,2,0.0,48,15,9,2,1,,,326863,AREA_RESPONSAVEL,Descrição do campo AREA_RESPONSAVEL,0.0,,9,Aprovado,,,,,FLX_CADASTRO_DE_CARTA_DE_SERVIÇO,2,CADASTRO DE CARTA DE SERVIÇO
504421,1500359,20410,CADASTRO,14573,FOR_ALVARA_BD_CADASTRO,2024-02-09 09:56:06,2024-12-11 08:48:00,2024-12-12 14:03:42,50647,MARIA FERNANDA SANTOS PERES,2,0.0,5,23,2,2,3,,,327342,AREA_RESPONSAVEL,Descrição do campo AREA_RESPONSAVEL,0.0,327000.0,6,Não se aplica,,,,,FLX_CADASTRO_DE_CARTA_DE_SERVIÇO,2,CADASTRO DE CARTA DE SERVIÇO
506399,1503340,20410,CADASTRO,14579,FOR_ALVARA_BD_CADASTRO,2024-10-26 15:42:33,2025-08-28 14:34:27,2025-08-29 19:50:09,50714,MARIA FERNANDA SANTOS PERES,2,0.0,37,18,16,1,2,,,327386,AREA_RESPONSAVEL,Descrição do campo AREA_RESPONSAVEL,0.0,327337.0,10,,,,,,FLX_CADASTRO_DE_CARTA_DE_SERVIÇO,2,CADASTRO DE CARTA DE SERVIÇO
508170,1501283,20410,CADASTRO,14578,FOR_ALVARA_BD_CADASTRO,2024-02-17 13:59:16,2024-12-19 12:51:10,2024-12-20 18:06:52,52343,ANA PAULA COSTA OLIVEIRA,2,0.0,50,5,8,5,1,,,326883,AREA_RESPONSAVEL,Descrição do campo AREA_RESPONSAVEL,0.0,,7,,,,,,FLX_CADASTRO_DE_CARTA_DE_SERVIÇO,2,CADASTRO DE CARTA DE SERVIÇO
506413,1500236,20410,CADASTRO,14580,FOR_ALVARA_BD_CADASTRO,2024-06-22 16:21:01,2025-04-24 15:12:55,2025-04-25 20:28:37,50202,MARIA FERNANDA SANTOS PERES,2,0.0,25,29,6,3,1,,,327122,REQUISITOS,Descrição do campo REQUISITOS,0.0,327002.0,1,30 minutos,,,,,FLX_CADASTRO_DE_CARTA_DE_SERVIÇO,2,CADASTRO DE CARTA DE SERVIÇO
500676,1501215,20410,CADASTRO,14579,FOR_ALVARA_BD_CADASTRO,2024-10-06 15:28:16,2025-08-08 14:20:10,2025-08-09 19:35:52,50706,MARIA FERNANDA SANTOS PERES,2,0.0,2,43,20,2,2,,,327403,REQUISITOS,Descrição do campo REQUISITOS,0.0,,9,Presencial,,,,,FLX_CADASTRO_DE_CARTA_DE_SERVIÇO,2,CADASTRO DE CARTA DE SERVIÇO
502790,1504915,20410,CADASTRO,14574,FOR_ALVARA_BD_CADASTRO,2024-06-14 08:33:59,2025-04-16 07:25:53,2025-04-17 12:41:35,51223,JOÃO CARLOS SILVA,2,0.0,25,43,8,2,1,,,327121,REQUISITOS,Descrição do campo REQUISITOS,0.0,327949.0,5,Online,,,,,FLX_CADASTRO_DE_CARTA_DE_SERVIÇO,2,CADASTRO DE CARTA DE SERVIÇO
502003,1501281,20410,CADASTRO,14572,FOR_ALVARA_BD_CADASTRO,2024-07-11 17:20:42,2025-05-13 16:12:36,2025-05-14 21:28:18,50702,MARIA FERNANDA SANTOS PERES,2,0.0,33,5,16,2,3,,,327439,REQUISITOS,Descrição do campo REQUISITOS,0.0,,4,Pendente,,,,,FLX_CADASTRO_DE_CARTA_DE_SERVIÇO,2,CADASTRO DE CARTA DE SERVIÇO
500383,1501420,20410,CADASTRO,14572,FOR_ALVARA_BD_CADASTRO,2024-12-11 13:57:34,2025-10-13 12:49:28,2025-10-14 18:05:10,52537,ANA PAULA COSTA OLIVEIRA,2,0.0,35,44,2,1,1,,,326800,LOG_SERVICO,Descrição do campo LOG_SERVICO,0.0,,8,Valor_LOG_SERVICO_0,,,,,FLX_CADASTRO_DE_CARTA_DE_SERVIÇO,2,CADASTRO DE CARTA DE SERVIÇO
507556,1501532,20410,CADASTRO,14574,FOR_ALVARA_BD_CADASTRO,2024-12-26 14:46:10,2025-10-28 13:38:04,2025-10-29 18:53:46,51872,JOÃO CARLOS SILVA,2,0.0,36,37,10,3,1,,,326819,LOG_SERVICO,Descrição do campo LOG_SERVICO,0.0,,3,Não se aplica,,,,,FLX_CADASTRO_DE_CARTA_DE_SERVIÇO,2,CADASTRO DE CARTA DE SERVIÇO
505946,1502035,20410,CADASTRO,14580,FOR_ALVARA_BD_CADASTRO,2024-04-11 11:43:40,2025-02-11 10:35:34,2025-02-12 15:51:16,50649,MARIA FERNANDA SANTOS PERES,2,0.0,9,21,18,2,3,,,327027,UORG_ENTIDADE_SUB,Descrição do campo UORG_ENTIDADE_SUB,0.0,327759.0,3,Online,,,,,FLX_CADASTRO_DE_CARTA_DE_SERVIÇO,2,CADASTRO DE CARTA DE SERVIÇO
505861,1500401,20410,CADASTRO,14579,FOR_ALVARA_BD_CADASTRO,2024-10-08 10:41:44,2025-08-10 09:33:38,2025-08-11 14:49:20,52009,ANA PAULA COSTA OLIVEIRA,2,0.0,40,38,10,1,2,,,326856,UORG_ENTIDADE_SUB,Descrição do campo UORG_ENTIDADE_SUB,0.0,,5,2024-01-15,,,,,FLX_CADASTRO_DE_CARTA_DE_SERVIÇO,2,CADASTRO DE CARTA DE SERVIÇO
503495,1501128,20410,CADASTRO,14577,FOR_ALVARA_BD_CADASTRO,2024-04-14 12:02:00,2025-02-14 10:53:54,2025-02-15 16:09:36,50210,MARIA FERNANDA SANTOS PERES,2,0.0,11,8,17,5,3,,,326764,CATEGORIA,Descrição do campo CATEGORIA,0.0,,9,"Público - (público em geral, incluindo cidadãos e empresas)",,,,,FLX_CADASTRO_DE_CARTA_DE_SERVIÇO,2,CADASTRO DE CARTA DE SERVIÇO
501175,1502906,20410,CADASTRO,14577,FOR_ALVARA_BD_CADASTRO,2024-04-26 10:56:26,2025-02-26 09:48:20,2025-02-27 15:04:02,50973,MARIA FERNANDA SANTOS PERES,2,0.0,4,35,20,2,1,,,326758,RETORNO,Descrição do campo RETORNO,0.0,,7,Valor_RETORNO_0,,,,,FLX_CADASTRO_DE_CARTA_DE_SERVIÇO,2,CADASTRO DE CARTA DE SERVIÇO
504799,1502443,20410,CADASTRO,14575,FOR_ALVARA_BD_CADASTRO,2024-07-10 16:42:40,2025-05-12 15:34:34,2025-05-13 20:50:16,50425,MARIA FERNANDA SANTOS PERES,2,0.0,22,26,17,4,2,,,327209,RETORNO,Descrição do campo RETORNO,0.0,,5,Aprovado,,,,,FLX_CADASTRO_DE_CARTA_DE_SERVIÇO,2,CADASTRO DE CARTA DE SERVIÇO
505281,1504393,20410,CADASTRO,14571,FOR_ALVARA_BD_CADASTRO,2024-02-20 08:39:05,2024-12-22 07:30:59,2024-12-23 12:46:41,51271,JOÃO CARLOS SILVA,2,0.0,46,12,3,4,3,,,326792,RETORNO,Descrição do campo RETORNO,0.0,,3,"Público - (público em geral, incluindo cidadãos e empresas)",,,,,FLX_CADASTRO_DE_CARTA_DE_SERVIÇO,2,CADASTRO DE CARTA DE SERVIÇO
509479,1502469,20410,CADASTRO,14573,FOR_ALVARA_BD_CADASTRO,2024-06-11 14:51:42,2025-04-13 13:43:36,2025-04-14 18:59:18,52830,ANA PAULA COSTA OLIVEIRA,2,0.0,53,37,11,1,2,,,327178,RETORNO,Descrição do campo RETORNO,0.0,327412.0,8,Não,,,,,FLX_CADASTRO_DE_CARTA_DE_SERVIÇO,2,CADASTRO DE CARTA DE SERVIÇO
506959,1501560,20410,CADASTRO,14578,FOR_ALVARA_BD_CADASTRO,2024-01-01 14:16:59,2024-11-02 13:08:53,2024-11-03 18:24:35,51211,JOÃO CARLOS SILVA,2,0.0,38,18,8,1,3,,,326874,TAXA,Descrição do campo TAXA,0.0,,10,Valor_TAXA_0,,,,,FLX_CADASTRO_DE_CARTA_DE_SERVIÇO,2,CADASTRO DE CARTA DE SERVIÇO
502608,1502146,20410,CADASTRO,14576,FOR_ALVARA_BD_CADASTRO,2024-02-05 13:56:04,2024-12-07 12:47:58,2024-12-08 18:03:40,50209,MARIA FERNANDA SANTOS PERES,2,0.0,48,14,13,4,3,,,326616,TAXA,Descrição do campo TAXA,0.0,,10,Valor_TAXA_1,,,,,FLX_CADASTRO_DE_CARTA_DE_SERVIÇO,2,CADASTRO DE CARTA DE SERVIÇO
503825,1501972,20410,CADASTRO,14571,FOR_ALVARA_BD_CADASTRO,2024-02-14 18:37:36,2024-12-16 17:29:30,2024-12-17 22:45:12,52594,ANA PAULA COSTA OLIVEIRA,2,0.0,37,37,0,3,2,,,326845,TAXA,Descrição do campo TAXA,0.0,,10,30 minutos,,,,,FLX_CADASTRO_DE_CARTA_DE_SERVIÇO,2,CADASTRO DE CARTA DE SERVIÇO
503413,1501238,20410,CADASTRO,14578,FOR_ALVARA_BD_CADASTRO,2024-07-10 16:19:42,2025-05-12 15:11:36,2025-05-13 20:27:18,51320,JOÃO CARLOS SILVA,2,0.0,40,45,17,1,2,,,326780,TAXA,Descrição do campo TAXA,0.0,327155.0,4,Pendente,,,,,FLX_CADASTRO_DE_CARTA_DE_SERVIÇO,2,CADASTRO DE CARTA DE SERVIÇO
509145,1502562,20410,CADASTRO,14574,FOR_ALVARA_BD_CADASTRO,2024-10-28 09:29:26,2025-08-30 08:21:20,2025-08-31 13:37:02,50933,MARIA FERNANDA SANTOS PERES,2,0.0,40,1,8,4,3,,,327330,DESCRICAO,Descrição do campo DESCRICAO,0.0,,2,"Público - (público em geral, incluindo cidadãos e empresas)",,,,,FLX_CADASTRO_DE_CARTA_DE_SERVIÇO,2,CADASTRO DE CARTA DE SERVIÇO
505922,1502198,20410,CADASTRO,14578,FOR_ALVARA_BD_CADASTRO,2024-02-22 18:19:29,2024-12-24 17:11:23,2024-12-25 22:27:05,50389,MARIA FERNANDA SANTOS PERES,2,0.0,13,13,5,2,3,,,326949,DESCRICAO,Descrição do campo DESCRICAO,0.0,327683.0,3,Online,,,,,FLX_CADASTRO_DE_CARTA_DE_SERVIÇO,2,CADASTRO DE CARTA DE SERVIÇO
505457,1504914,20410,CADASTRO,14573,FOR_ALVARA_BD_CADASTRO,2024-01-18 08:47:20,2024-11-19 07:39:14,2024-11-20 12:54:56,50958,MARIA FERNANDA SANTOS PERES,2,0.0,34,3,2,3,1,,,327466,DESCRICAO,Descrição do campo DESCRICAO,0.0,,8,Sim,,,,,FLX_CADASTRO_DE_CARTA_DE_SERVIÇO,2,CADASTRO DE CARTA DE SERVIÇO
502720,1500970,20410,CADASTRO,14575,FOR_ALVARA_BD_CADASTRO,2024-07-20 13:05:52,2025-05-22 11:57:46,2025-05-23 17:13:28,51221,JOÃO CARLOS SILVA,2,0.0,35,14,0,1,2,,,327155,DESCRICAO,Descrição do campo DESCRICAO,0.0,,2,Presencial,,,,,FLX_CADASTRO_DE_CARTA_DE_SERVIÇO,2,CADASTRO DE CARTA DE SERVIÇO
516532,1509354,20390,CADASTRO,14576,FOR_CARTA DE SERVIÇO_BD_CADASTRO - ATUALIZAR,2024-02-11 08:31:54,2024-12-13 07:23:48,2024-12-14 12:39:30,50285,MARIA FERNANDA SANTOS PERES,2,0.0,20,27,4,4,1,,,326960,PRIORIDADE,Descrição do campo PRIORIDADE,0.0,327811.0,2,Rejeitado,,,,,FLX_LICENCIAMENTO_AMBIENTAL,2,LICENCIAMENTO AMBIENTAL
513427,1506532,20390,CADASTRO,14576,FOR_LICENCIAMENTO_BD_CADASTRO,2024-07-30 12:50:50,2025-06-01 11:42:44,2025-06-02 16:58:26,52673,ANA PAULA COSTA OLIVEIRA,2,0.0,16,35,1,1,2,,,327010,PRIORIDADE,Descrição do campo PRIORIDADE,0.0,,1,30 minutos,,,,,FLX_LICENCIAMENTO_AMBIENTAL,2,LICENCIAMENTO AMBIENTAL
513258,1505915,20390,CADASTRO,14575,FOR_LICENCIAMENTO_BD_CADASTRO,2024-10-16 15:05:38,2025-08-18 13:57:32,2025-08-19 19:13:14,50240,MARIA FERNANDA SANTOS PERES,2,0.0,37,8,19,5,1,,,326651,TAXA,Descrição do campo TAXA,0.0,,5,Não,,,,,FLX_LICENCIAMENTO_AMBIENTAL,2,LICENCIAMENTO AMBIENTAL
515802,1507974,20390,CADASTRO,14573,FOR_CARTA DE SERVIÇO_BD_CADASTRO - ATUALIZAR,2024-03-15 12:19:16,2025-01-15 11:11:10,2025-01-16 16:26:52,52655,ANA PAULA COSTA OLIVEIRA,2,0.0,31,21,8,4,2,,,327170,TAXA,Descrição do campo TAXA,0.0,,9,Presencial,,,,,FLX_LICENCIAMENTO_AMBIENTAL,2,LICENCIAMENTO AMBIENTAL
512288,1509851,20390,CADASTRO,14574,FOR_INSCRICAO_PROGRAMA_BD,2024-08-03 08:10:50,2025-06-05 07:02:44,2025-06-06 12:18:26,52106,ANA PAULA COSTA OLIVEIRA,2,0.0,4,36,20,1,1,,,326841,TAXA,Descrição do campo TAXA,0.0,,4,Sim,,,,,FLX_LICENCIAMENTO_AMBIENTAL,2,LICENCIAMENTO AMBIENTAL
517195,1508391,20390,CADASTRO,14576,FOR_INSCRICAO_PROGRAMA_BD,2024-02-07 09:15:46,2024-12-09 08:07:40,2024-12-10 13:23:22,50409,MARIA FERNANDA SANTOS PERES,2,0.0,6,5,17,1,3,,,327337,TAXA,Descrição do campo TAXA,0.0,,5,Não,,,,,FLX_LICENCIAMENTO_AMBIENTAL,2,LICENCIAMENTO AMBIENTAL
516978,1505570,20390,CADASTRO,14573,FOR_INSCRICAO_PROGRAMA_BD,2024-12-25 16:02:29,2025-10-27 14:54:23,2025-10-28 20:10:05,50819,MARIA FERNANDA SANTOS PERES,2,0.0,16,11,1,5,2,,,326518,TAXA,Descrição do campo TAXA,0.0,327789.0,10,Não se aplica,,,,,FLX_LICENCIAMENTO_AMBIENTAL,2,LICENCIAMENTO AMBIENTAL
517927,1507898,20390,CADASTRO,14574,FOR_INSCRICAO_PROGRAMA_BD,2024-06-10 17:27:19,2025-04-12 16:19:13,2025-04-13 21:34:55,50514,MARIA FERNANDA SANTOS PERES,2,0.0,16,37,11,5,1,,,326923,RETORNO,Descrição do campo RETORNO,0.0,,3,Valor_RETORNO_0,,,,,FLX_LICENCIAMENTO_AMBIENTAL,2,LICENCIAMENTO AMBIENTAL
515322,1506563,20390,CADASTRO,14574,FOR_CARTA DE SERVIÇO_BD_CADASTRO - ATUALIZAR,2024-07-21 11:16:42,2025-05-23 10:08:36,2025-05-24 15:24:18,52677,ANA PAULA COSTA OLIVEIRA,2,0.0,43,39,14,2,2,,,326967,RETORNO,Descrição do campo RETORNO,0.0,,8,Online,,,,,FLX_LICENCIAMENTO_AMBIENTAL,2,LICENCIAMENTO AMBIENTAL
519917,1506725,20390,CADASTRO,14576,FOR_LICENCIAMENTO_BD_CADASTRO,2024-07-18 09:10:00,2025-05-20 08:01:54,2025-05-21 13:17:36,52006,ANA PAULA COSTA OLIVEIRA,2,0.0,22,34,3,1,1,,,327338,RETORNO,Descrição do campo RETORNO,0.0,,9,Presencial,,,,,FLX_LICENCIAMENTO_AMBIENTAL,2,LICENCIAMENTO AMBIENTAL
519342,1506481,20390,CADASTRO,14576,FOR_CARTA DE SERVIÇO_BD_CADASTRO - ATUALIZAR,2024-10-20 12:01:05,2025-08-22 10:52:59,2025-08-23 16:08:41,52446,ANA PAULA COSTA OLIVEIRA,2,0.0,24,30,10,3,3,,,327075,RETORNO,Descrição do campo RETORNO,0.0,,6,2024-01-15,,,,,FLX_LICENCIAMENTO_AMBIENTAL,2,LICENCIAMENTO AMBIENTAL
515862,1509153,20390,CADASTRO,14571,FOR_INSCRICAO_PROGRAMA_BD,2024-03-16 15:50:01,2025-01-16 14:41:55,2025-01-17 19:57:37,50941,MARIA FERNANDA SANTOS PERES,2,0.0,1,43,6,4,1,,,326912,INFORMACOES,Descrição do campo INFORMACOES,0.0,,9,Não,,,,,FLX_LICENCIAMENTO_AMBIENTAL,2,LICENCIAMENTO AMBIENTAL
519142,1509942,20390,CADASTRO,14580,FOR_LICENCIAMENTO_BD_CADASTRO,2024-07-10 12:44:55,2025-05-12 11:36:49,2025-05-13 16:52:31,51132,JOÃO CARLOS SILVA,2,0.0,16,48,17,3,1,,,326814,INFORMACOES,Descrição do campo INFORMACOES,0.0,,2,"Público - (público em geral, incluindo cidadãos e empresas)",,,,,FLX_LICENCIAMENTO_AMBIENTAL,2,LICENCIAMENTO AMBIENTAL
511855,1509629,20390,CADASTRO,14580,FOR_LICENCIAMENTO_BD_CADASTRO,2024-06-20 11:49:33,2025-04-22 10:41:27,2025-04-23 15:57:09,51960,JOÃO CARLOS SILVA,2,0.0,31,12,13,5,3,,,326820,LEGISLACAO,Descrição do campo LEGISLACAO,0.0,,2,Não se aplica,,,,,FLX_LICENCIAMENTO_AMBIENTAL,2,LICENCIAMENTO AMBIENTAL
514668,1508329,20390,CADASTRO,14574,FOR_CARTA DE SERVIÇO_BD_CADASTRO - ATUALIZAR,2024-08-19 12:28:07,2025-06-21 11:20:01,2025-06-22 16:35:43,52337,ANA PAULA COSTA OLIVEIRA,2,0.0,22,38,0,4,1,,,326796,LEGISLACAO,Descrição do campo LEGISLACAO,0.0,,7,Pendente,,,,,FLX_LICENCIAMENTO_AMBIENTAL,2,LICENCIAMENTO AMBIENTAL
514600,1505525,20390,CADASTRO,14578,FOR_CARTA DE SERVIÇO_BD_CADASTRO - ATUALIZAR,2024-07-15 09:43:14,2025-05-17 08:35:08,2025-05-18 13:50:50,50318,MARIA FERNANDA SANTOS PERES,2,0.0,29,22,11,2,1,,,326674,LEGISLACAO,Descrição do campo LEGISLACAO,0.0,327222.0,6,Pendente,,,,,FLX_LICENCIAMENTO_AMBIENTAL,2,LICENCIAMENTO AMBIENTAL
511948,1508984,20390,CADASTRO,14576,FOR_INSCRICAO_PROGRAMA_BD,2024-06-08 09:35:48,2025-04-10 08:27:42,2025-04-11 13:43:24,51927,JOÃO CARLOS SILVA,2,0.0,18,23,1,1,2,,,326674,LEGISLACAO,Descrição do campo LEGISLACAO,0.0,,10,Pendente,,,,,FLX_LICENCIAMENTO_AMBIENTAL,2,LICENCIAMENTO AMBIENTAL
518296,1509388,20390,CADASTRO,14578,FOR_INSCRICAO_PROGRAMA_BD,2024-10-15 14:03:12,2025-08-17 12:55:06,2025-08-18 18:10:48,52891,ANA PAULA COSTA OLIVEIRA,2,0.0,45,23,0,1,1,,,326965,SINONIMOS,Descrição do campo SINONIMOS,0.0,,1,"Público - (público em geral, incluindo cidadãos e empresas)",,,,,FLX_LICENCIAMENTO_AMBIENTAL,2,LICENCIAMENTO AMBIENTAL
512518,1508031,20390,CADASTRO,14579,FOR_CARTA DE SERVIÇO_BD_CADASTRO - ATUALIZAR,2024-04-24 15:17:46,2025-02-24 14:09:40,2025-02-25 19:25:22,51817,JOÃO CARLOS SILVA,2,0.0,35,42,4,2,1,,,327407,SINONIMOS,Descrição do campo SINONIMOS,0.0,,10,Online,,,,,FLX_LICENCIAMENTO_AMBIENTAL,2,LICENCIAMENTO AMBIENTAL
512500,1509544,20390,CADASTRO,14577,FOR_CARTA DE SERVIÇO_BD_CADASTRO - ATUALIZAR,2024-05-16 15:21:11,2025-03-18 14:13:05,2025-03-19 19:28:47,51066,JOÃO CARLOS SILVA,2,0.0,25,12,4,4,3,,,327379,SINONIMOS,Descrição do campo SINONIMOS,0.0,,9,Aprovado,,,,,FLX_LICENCIAMENTO_AMBIENTAL,2,LICENCIAMENTO AMBIENTAL
513546,1505904,20390,CADASTRO,14572,FOR_CARTA DE SERVIÇO_BD_CADASTRO - ATUALIZAR,2024-04-11 09:47:34,2025-02-11 08:39:28,2025-02-12 13:55:10,51316,JOÃO CARLOS SILVA,2,0.0,14,8,11,1,3,,,326988,LOG_USUARIO,Descrição do campo LOG_USUARIO,0.0,,7,Rejeitado,,,,,FLX_LICENCIAMENTO_AMBIENTAL,2,LICENCIAMENTO AMBIENTAL
517713,1506680,20390,CADASTRO,14575,FOR_INSCRICAO_PROGRAMA_BD,2024-01-15 14:52:46,2024-11-16 13:44:40,2024-11-17 19:00:22,50579,MARIA FERNANDA SANTOS PERES,2,0.0,56,5,0,1,2,,,327007,LOG_USUARIO,Descrição do campo LOG_USUARIO,0.0,327494.0,5,Pendente,,,,,FLX_LICENCIAMENTO_AMBIENTAL,2,LICENCIAMENTO AMBIENTAL
512596,1509952,20390,CADASTRO,14578,FOR_LICENCIAMENTO_BD_CADASTRO,2024-04-12 10:19:00,2025-02-12 09:10:54,2025-02-13 14:26:36,51684,JOÃO CARLOS SILVA,2,0.0,8,5,16,3,3,,,326904,LOG_USUARIO,Descrição do campo LOG_USUARIO,0.0,,9,Rejeitado,,,,,FLX_LICENCIAMENTO_AMBIENTAL,2,LICENCIAMENTO AMBIENTAL
516343,1505639,20390,CADASTRO,14574,FOR_INSCRICAO_PROGRAMA_BD,2024-02-11 12:20:07,2024-12-13 11:12:01,2024-12-14 16:27:43,50339,MARIA FERNANDA SANTOS PERES,2,0.0,45,4,13,3,1,,,326596,LOG_USUARIO,Descrição do campo LOG_USUARIO,0.0,,4,,,,,,FLX_LICENCIAMENTO_AMBIENTAL,2,LICENCIAMENTO AMBIENTAL
511647,1508310,20390,CADASTRO,14577,FOR_CARTA DE SERVIÇO_BD_CADASTRO - ATUALIZAR,2024-04-02 08:35:18,2025-02-02 07:27:12,2025-02-03 12:42:54,52975,ANA PAULA COSTA OLIVEIRA,2,0.0,36,48,4,2,3,,,327168,PESSOA_JURIDICA,Descrição do campo PESSOA_JURIDICA,0.0,,1,30 minutos,,,,,FLX_LICENCIAMENTO_AMBIENTAL,2,LICENCIAMENTO AMBIENTAL
516835,1506875,20390,CADASTRO,14572,FOR_INSCRICAO_PROGRAMA_BD,2024-03-19 13:30:35,2025-01-19 12:22:29,2025-01-20 17:38:11,52494,ANA PAULA COSTA OLIVEIRA,2,0.0,7,44,3,3,1,,,326566,PESSOA_JURIDICA,Descrição do campo PESSOA_JURIDICA,0.0,,8,Pendente,,,,,FLX_LICENCIAMENTO_AMBIENTAL,2,LICENCIAMENTO AMBIENTAL
514342,1509087,20390,CADASTRO,14576,FOR_LICENCIAMENTO_BD_CADASTRO,2024-03-23 11:19:42,2025-01-23 10:11:36,2025-01-24 15:27:18,50347,MARIA FERNANDA SANTOS PERES,2,0.0,55,28,14,5,1,,,326807,PESSOA_JURIDICA,Descrição do campo PESSOA_JURIDICA,0.0,,4,Pendente,,,,,FLX_LICENCIAMENTO_AMBIENTAL,2,LICENCIAMENTO AMBIENTAL
518640,1509572,20390,CADASTRO,14575,FOR_CARTA DE SERVIÇO_BD_CADASTRO - ATUALIZAR,2024-12-12 14:21:20,2025-10-14 13:13:14,2025-10-15 18:28:56,50019,MARIA FERNANDA SANTOS PERES,2,0.0,28,19,2,5,3,,,327446,PESSOA_JURIDICA,Descrição do campo PESSOA_JURIDICA,0.0,327387.0,7,Pendente,,,,,FLX_LICENCIAMENTO_AMBIENTAL,2,LICENCIAMENTO AMBIENTAL
519489,1509886,20390,CADASTRO,14576,FOR_INSCRICAO_PROGRAMA_BD,2024-01-19 17:42:24,2024-11-20 16:34:18,2024-11-21 21:50:00,50966,MARIA FERNANDA SANTOS PERES,2,0.0,1,13,2,4,2,,,326609,PESSOA_JURIDICA,Descrição do campo PESSOA_JURIDICA,0.0,327245.0,8,Não,,,,,FLX_LICENCIAMENTO_AMBIENTAL,2,LICENCIAMENTO AMBIENTAL
512870,1506777,20390,CADASTRO,14575,FOR_LICENCIAMENTO_BD_CADASTRO,2024-06-14 17:38:50,2025-04-16 16:30:44,2025-04-17 21:46:26,52523,ANA PAULA COSTA OLIVEIRA,2,0.0,55,33,17,2,1,,,326956,REQUISITOS,Descrição do campo REQUISITOS,0.0,,2,Não,,,,,FLX_LICENCIAMENTO_AMBIENTAL,2,LICENCIAMENTO AMBIENTAL
516991,1505778,20390,CADASTRO,14572,FOR_LICENCIAMENTO_BD_CADASTRO,2024-06-24 09:48:13,2025-04-26 08:40:07,2025-04-27 13:55:49,50468,MARIA FERNANDA SANTOS PERES,2,0.0,32,10,6,1,3,,,327071,REQUISITOS,Descrição do campo REQUISITOS,0.0,,6,2024-01-15,,,,,FLX_LICENCIAMENTO_AMBIENTAL,2,LICENCIAMENTO AMBIENTAL
510909,1506540,20390,CADASTRO,14577,FOR_LICENCIAMENTO_BD_CADASTRO,2024-01-08 09:17:56,2024-11-09 08:09:50,2024-11-10 13:25:32,50060,MARIA FERNANDA SANTOS PERES,2,0.0,48,30,11,4,1,,,327255,REQUISITOS,Descrição do campo REQUISITOS,0.0,,1,Rejeitado,,,,,FLX_LICENCIAMENTO_AMBIENTAL,2,LICENCIAMENTO AMBIENTAL
516242,1507664,20390,CADASTRO,14571,FOR_INSCRICAO_PROGRAMA_BD,2024-10-08 18:53:55,2025-08-10 17:45:49,2025-08-11 23:01:31,50071,MARIA FERNANDA SANTOS PERES,2,0.0,10,2,9,2,1,,,326782,LOG_DATAHORA,Descrição do campo LOG_DATAHORA,0.0,327747.0,6,30 minutos,,,,,FLX_LICENCIAMENTO_AMBIENTAL,2,LICENCIAMENTO AMBIENTAL
510465,1509029,20390,CADASTRO,14577,FOR_INSCRICAO_PROGRAMA_BD,2024-12-10 18:25:52,2025-10-12 17:17:46,2025-10-13 22:33:28,51827,JOÃO CARLOS SILVA,2,0.0,32,26,12,3,1,,,326672,AREA_RESPONSAVEL,Descrição do campo AREA_RESPONSAVEL,0.0,327939.0,7,2024-01-15,,,,,FLX_LICENCIAMENTO_AMBIENTAL,2,LICENCIAMENTO AMBIENTAL
519704,1505916,20390,CADASTRO,14574,FOR_LICENCIAMENTO_BD_CADASTRO,2024-04-04 11:18:14,2025-02-04 10:10:08,2025-02-05 15:25:50,50063,MARIA FERNANDA SANTOS PERES,2,0.0,30,34,11,1,3,,,327003,AREA_RESPONSAVEL,Descrição do campo AREA_RESPONSAVEL,0.0,,5,Não,,,,,FLX_LICENCIAMENTO_AMBIENTAL,2,LICENCIAMENTO AMBIENTAL
515825,1506030,20390,CADASTRO,14572,FOR_INSCRICAO_PROGRAMA_BD,2024-10-22 12:36:02,2025-08-24 11:27:56,2025-08-25 16:43:38,50830,MARIA FERNANDA SANTOS PERES,2,0.0,25,41,11,4,2,,,327229,AREA_RESPONSAVEL,Descrição do campo AREA_RESPONSAVEL,0.0,,9,Não,,,,,FLX_LICENCIAMENTO_AMBIENTAL,2,LICENCIAMENTO AMBIENTAL
515799,1509355,20390,CADASTRO,14580,FOR_LICENCIAMENTO_BD_CADASTRO,2024-06-13 15:58:28,2025-04-15 14:50:22,2025-04-16 20:06:04,51284,JOÃO CARLOS SILVA,2,0.0,30,42,13,5,3,,,327389,AREA_RESPONSAVEL,Descrição do campo AREA_RESPONSAVEL,0.0,,5,Pendente,,,,,FLX_LICENCIAMENTO_AMBIENTAL,2,LICENCIAMENTO AMBIENTAL
519006,1508573,20390,CADASTRO,14576,FOR_CARTA DE SERVIÇO_BD_CADASTRO - ATUALIZAR,2024-03-08 09:46:12,2025-01-08 08:38:06,2025-01-09 13:53:48,52736,ANA PAULA COSTA OLIVEIRA,2,0.0,34,26,20,1,2,,,327264,AREA_RESPONSAVEL,Descrição do campo AREA_RESPONSAVEL,0.0,,8,Sim,,,,,FLX_LICENCIAMENTO_AMBIENTAL,2,LICENCIAMENTO AMBIENTAL
512550,1508976,20400,APROVAÇÃO,14577,FOR_CARTA DE SERVIÇO_BD_CADASTRO - ATUALIZAR,2024-05-13 15:04:36,2025-03-15 13:56:30,2025-03-16 19:12:12,50766,MARIA FERNANDA SANTOS PERES,2,0.0,43,7,17,4,3,,,326922,SINONIMOS,Descrição do campo SINONIMOS,0.0,327653.0,2,Não,,,,,FLX_LICENCIAMENTO_AMBIENTAL,2,LICENCIAMENTO AMBIENTAL
511322,1509954,20400,APROVAÇÃO,14580,FOR_INSCRICAO_PROGRAMA_BD,2024-07-14 15:44:38,2025-05-16 14:36:32,2025-05-17 19:52:14,52282,ANA PAULA COSTA OLIVEIRA,2,0.0,30,28,11,5,3,,,326587,SINONIMOS,Descrição do campo SINONIMOS,0.0,,6,Pendente,,,,,FLX_LICENCIAMENTO_AMBIENTAL,2,LICENCIAMENTO AMBIENTAL
512088,1505442,20400,APROVAÇÃO,14571,FOR_CARTA DE SERVIÇO_BD_CADASTRO - ATUALIZAR,2024-01-15 11:48:29,2024-11-16 10:40:23,2024-11-17 15:56:05,52056,ANA PAULA COSTA OLIVEIRA,2,0.0,53,11,11,3,2,,,327132,SINONIMOS,Descrição do campo SINONIMOS,0.0,,8,Aprovado,,,,,FLX_LICENCIAMENTO_AMBIENTAL,2,LICENCIAMENTO AMBIENTAL
515418,1506468,20400,APROVAÇÃO,14578,FOR_INSCRICAO_PROGRAMA_BD,2024-12-22 09:54:10,2025-10-24 08:46:04,2025-10-25 14:01:46,50079,MARIA FERNANDA SANTOS PERES,2,0.0,56,21,15,5,3,,,326928,SINONIMOS,Descrição do campo SINONIMOS,0.0,,6,,,,,,FLX_LICENCIAMENTO_AMBIENTAL,2,LICENCIAMENTO AMBIENTAL
517159,1506017,20400,APROVAÇÃO,14571,FOR_CARTA DE SERVIÇO_BD_CADASTRO - ATUALIZAR,2024-06-19 17:03:39,2025-04-21 15:55:33,2025-04-22 21:11:15,50675,MARIA FERNANDA SANTOS PERES,2,0.0,59,7,4,4,3,,,327392,SINONIMOS,Descrição do campo SINONIMOS,0.0,,4,Rejeitado,,,,,FLX_LICENCIAMENTO_AMBIENTAL,2,LICENCIAMENTO AMBIENTAL
517151,1508414,20400,APROVAÇÃO,14579,FOR_CARTA DE SERVIÇO_BD_CADASTRO - ATUALIZAR,2024-12-21 15:58:17,2025-10-23 14:50:11,2025-10-24 20:05:53,51823,JOÃO CARLOS SILVA,2,0.0,25,32,10,3,3,,,326811,PESSOA_JURIDICA,Descrição do campo PESSOA_JURIDICA,0.0,,2,Aprovado,,,,,FLX_LICENCIAMENTO_AMBIENTAL,2,LICENCIAMENTO AMBIENTAL
517306,1505558,20400,APROVAÇÃO,14574,FOR_LICENCIAMENTO_BD_CADASTRO,2024-08-15 12:44:25,2025-06-17 11:36:19,2025-06-18 16:52:01,52323,ANA PAULA COSTA OLIVEIRA,2,0.0,2,1,5,4,3,,,327438,PESSOA_JURIDICA,Descrição do campo PESSOA_JURIDICA,0.0,327753.0,4,Não se aplica,,,,,FLX_LICENCIAMENTO_AMBIENTAL,2,LICENCIAMENTO AMBIENTAL
514261,1509612,20400,APROVAÇÃO,14574,FOR_CARTA DE SERVIÇO_BD_CADASTRO - ATUALIZAR,2024-05-16 09:52:04,2025-03-18 08:43:58,2025-03-19 13:59:40,52740,ANA PAULA COSTA OLIVEIRA,2,0.0,31,14,8,2,1,,,326538,PESSOA_JURIDICA,Descrição do campo PESSOA_JURIDICA,0.0,,6,Rejeitado,,,,,FLX_LICENCIAMENTO_AMBIENTAL,2,LICENCIAMENTO AMBIENTAL
511231,1509771,20400,APROVAÇÃO,14573,FOR_INSCRICAO_PROGRAMA_BD,2024-04-25 10:12:13,2025-02-25 09:04:07,2025-02-26 14:19:49,51644,JOÃO CARLOS SILVA,2,0.0,1,17,2,1,3,,,327296,RETORNO,Descrição do campo RETORNO,0.0,,5,Não,,,,,FLX_LICENCIAMENTO_AMBIENTAL,2,LICENCIAMENTO AMBIENTAL
513355,1506841,20400,APROVAÇÃO,14571,FOR_CARTA DE SERVIÇO_BD_CADASTRO - ATUALIZAR,2024-01-20 16:49:30,2024-11-21 15:41:24,2024-11-22 20:57:06,50543,MARIA FERNANDA SANTOS PERES,2,0.0,7,31,18,4,1,,,326771,RETORNO,Descrição do campo RETORNO,0.0,,5,Presencial,,,,,FLX_LICENCIAMENTO_AMBIENTAL,2,LICENCIAMENTO AMBIENTAL
515497,1507153,20400,APROVAÇÃO,14576,FOR_CARTA DE SERVIÇO_BD_CADASTRO - ATUALIZAR,2024-12-11 14:44:31,2025-10-13 13:36:25,2025-10-14 18:52:07,52995,ANA PAULA COSTA OLIVEIRA,2,0.0,51,50,1,1,2,,,326712,LOG_SERVICO,Descrição do campo LOG_SERVICO,0.0,327869.0,8,Online,,,,,FLX_LICENCIAMENTO_AMBIENTAL,2,LICENCIAMENTO AMBIENTAL
511331,1506544,20400,APROVAÇÃO,14576,FOR_LICENCIAMENTO_BD_CADASTRO,2024-08-30 12:52:09,2025-07-02 11:44:03,2025-07-03 16:59:45,50549,MARIA FERNANDA SANTOS PERES,2,0.0,39,24,1,4,3,,,326662,LOG_SERVICO,Descrição do campo LOG_SERVICO,0.0,,6,Presencial,,,,,FLX_LICENCIAMENTO_AMBIENTAL,2,LICENCIAMENTO AMBIENTAL
511760,1509389,20400,APROVAÇÃO,14573,FOR_LICENCIAMENTO_BD_CADASTRO,2024-03-18 13:22:44,2025-01-18 12:14:38,2025-01-19 17:30:20,52357,ANA PAULA COSTA OLIVEIRA,2,0.0,38,50,20,2,3,,,327290,AREA_RESPONSAVEL,Descrição do campo AREA_RESPONSAVEL,0.0,,10,Não se aplica,,,,,FLX_LICENCIAMENTO_AMBIENTAL,2,LICENCIAMENTO AMBIENTAL
518976,1505914,20400,APROVAÇÃO,14576,FOR_LICENCIAMENTO_BD_CADASTRO,2024-05-31 08:16:55,2025-04-02 07:08:49,2025-04-03 12:24:31,52887,ANA PAULA COSTA OLIVEIRA,2,0.0,56,16,9,3,1,,,326981,CATEGORIA,Descrição do campo CATEGORIA,0.0,,6,Valor_CATEGORIA_0,,,,,FLX_LICENCIAMENTO_AMBIENTAL,2,LICENCIAMENTO AMBIENTAL
519393,1507424,20400,APROVAÇÃO,14576,FOR_LICENCIAMENTO_BD_CADASTRO,2024-05-25 15:06:55,2025-03-27 13:58:49,2025-03-28 19:14:31,52313,ANA PAULA COSTA OLIVEIRA,2,0.0,40,30,7,2,2,,,327328,CATEGORIA,Descrição do campo CATEGORIA,0.0,,5,Online,,,,,FLX_LICENCIAMENTO_AMBIENTAL,2,LICENCIAMENTO AMBIENTAL
512595,1509762,20400,APROVAÇÃO,14573,FOR_INSCRICAO_PROGRAMA_BD,2024-10-19 17:01:48,2025-08-21 15:53:42,2025-08-22 21:09:24,50183,MARIA FERNANDA SANTOS PERES,2,0.0,37,26,11,1,2,,,327421,CATEGORIA,Descrição do campo CATEGORIA,0.0,,5,Online,,,,,FLX_LICENCIAMENTO_AMBIENTAL,2,LICENCIAMENTO AMBIENTAL
510505,1508208,20400,APROVAÇÃO,14578,FOR_LICENCIAMENTO_BD_CADASTRO,2024-07-03 10:15:11,2025-05-05 09:07:05,2025-05-06 14:22:47,51261,JOÃO CARLOS SILVA,2,0.0,20,6,15,2,2,,,327392,CATEGORIA,Descrição do campo CATEGORIA,0.0,,6,Presencial,,,,,FLX_LICENCIAMENTO_AMBIENTAL,2,LICENCIAMENTO AMBIENTAL
519498,1508921,20400,APROVAÇÃO,14576,FOR_LICENCIAMENTO_BD_CADASTRO,2024-07-16 12:02:14,2025-05-18 10:54:08,2025-05-19 16:09:50,52256,ANA PAULA COSTA OLIVEIRA,2,0.0,20,8,9,3,2,,,327019,PESSOA_FISICA,Descrição do campo PESSOA_FISICA,0.0,327096.0,6,Online,,,,,FLX_LICENCIAMENTO_AMBIENTAL,2,LICENCIAMENTO AMBIENTAL
515946,1508780,20400,APROVAÇÃO,14575,FOR_LICENCIAMENTO_BD_CADASTRO,2024-02-29 17:44:56,2024-12-31 16:36:50,2025-01-01 21:52:32,52184,ANA PAULA COSTA OLIVEIRA,2,0.0,11,24,14,2,2,,,327431,LEGISLACAO,Descrição do campo LEGISLACAO,0.0,,2,Valor_LEGISLACAO_0,,,,,FLX_LICENCIAMENTO_AMBIENTAL,2,LICENCIAMENTO AMBIENTAL
513641,1505551,20400,APROVAÇÃO,14574,FOR_CARTA DE SERVIÇO_BD_CADASTRO - ATUALIZAR,2024-04-19 16:38:18,2025-02-19 15:30:12,2025-02-20 20:45:54,50812,MARIA FERNANDA SANTOS PERES,2,0.0,3,37,7,1,2,,,327135,REQUISITOS,Descrição do campo REQUISITOS,0.0,,9,"Público - (público em geral, incluindo cidadãos e empresas)",,,,,FLX_LICENCIAMENTO_AMBIENTAL,2,LICENCIAMENTO AMBIENTAL
514218,1506040,20400,APROVAÇÃO,14578,FOR_CARTA DE SERVIÇO_BD_CADASTRO - ATUALIZAR,2024-12-27 15:05:30,2025-10-29 13:57:24,2025-10-30 19:13:06,50981,MARIA FERNANDA SANTOS PERES,2,0.0,39,9,0,5,2,,,326628,REQUISITOS,Descrição do campo REQUISITOS,0.0,,1,Não se aplica,,,,,FLX_LICENCIAMENTO_AMBIENTAL,2,LICENCIAMENTO AMBIENTAL
514567,1507469,20400,APROVAÇÃO,14572,FOR_LICENCIAMENTO_BD_CADASTRO,2024-07-28 16:52:00,2025-05-30 15:43:54,2025-05-31 20:59:36,52042,ANA PAULA COSTA OLIVEIRA,2,0.0,31,18,19,4,3,,,326687,INFORMACOES,Descrição do campo INFORMACOES,0.0,,3,"Público - (público em geral, incluindo cidadãos e empresas)",,,,,FLX_LICENCIAMENTO_AMBIENTAL,2,LICENCIAMENTO AMBIENTAL
513485,1505929,20400,APROVAÇÃO,14576,FOR_LICENCIAMENTO_BD_CADASTRO,2024-10-02 14:47:20,2025-08-04 13:39:14,2025-08-05 18:54:56,50281,MARIA FERNANDA SANTOS PERES,2,0.0,43,4,5,3,2,,,327290,INFORMACOES,Descrição do campo INFORMACOES,0.0,327857.0,3,Não se aplica,,,,,FLX_LICENCIAMENTO_AMBIENTAL,2,LICENCIAMENTO AMBIENTAL
516665,1507995,20400,APROVAÇÃO,14578,FOR_CARTA DE SERVIÇO_BD_CADASTRO - ATUALIZAR,2024-08-18 11:41:09,2025-06-20 10:33:03,2025-06-21 15:48:45,52161,ANA PAULA COSTA OLIVEIRA,2,0.0,44,15,2,4,3,,,326670,INFORMACOES,Descrição do campo INFORMACOES,0.0,,8,Rejeitado,,,,,FLX_LICENCIAMENTO_AMBIENTAL,2,LICENCIAMENTO AMBIENTAL
519144,1505839,20400,APROVAÇÃO,14575,FOR_INSCRICAO_PROGRAMA_BD,2024-02-12 12:21:17,2024-12-14 11:13:11,2024-12-15 16:28:53,51080,JOÃO CARLOS SILVA,2,0.0,56,44,13,3,1,,,327182,UORG_ENTIDADE_SUB,Descrição do campo UORG_ENTIDADE_SUB,0.0,,2,,,,,,FLX_LICENCIAMENTO_AMBIENTAL,2,LICENCIAMENTO AMBIENTAL
516436,1508552,20400,APROVAÇÃO,14575,FOR_LICENCIAMENTO_BD_CADASTRO,2024-02-14 15:35:48,2024-12-16 14:27:42,2024-12-17 19:43:24,51886,JOÃO CARLOS SILVA,2,0.0,16,17,9,1,3,,,327190,UORG_ENTIDADE_SUB,Descrição do campo UORG_ENTIDADE_SUB,0.0,,4,Não se aplica,,,,,FLX_LICENCIAMENTO_AMBIENTAL,2,LICENCIAMENTO AMBIENTAL
511745,1505280,20400,APROVAÇÃO,14577,FOR_INSCRICAO_PROGRAMA_BD,2024-05-01 17:18:30,2025-03-03 16:10:24,2025-03-04 21:26:06,50192,MARIA FERNANDA SANTOS PERES,2,0.0,40,44,9,2,3,,,327202,UORG_ENTIDADE_SUB,Descrição do campo UORG_ENTIDADE_SUB,0.0,327230.0,6,Rejeitado,,,,,FLX_LICENCIAMENTO_AMBIENTAL,2,LICENCIAMENTO AMBIENTAL
518378,1505124,20400,APROVAÇÃO,14580,FOR_INSCRICAO_PROGRAMA_BD,2024-08-30 11:27:07,2025-07-02 10:19:01,2025-07-03 15:34:43,51142,JOÃO CARLOS SILVA,2,0.0,59,20,12,4,3,,,326625,UORG_ENTIDADE_SUB,Descrição do campo UORG_ENTIDADE_SUB,0.0,,5,2024-01-15,,,,,FLX_LICENCIAMENTO_AMBIENTAL,2,LICENCIAMENTO AMBIENTAL
511455,1508473,20400,APROVAÇÃO,14572,FOR_LICENCIAMENTO_BD_CADASTRO,2024-01-23 10:27:11,2024-11-24 09:19:05,2024-11-25 14:34:47,51228,JOÃO CARLOS SILVA,2,0.0,3,32,6,4,3,,,327078,DESCRICAO,Descrição do campo DESCRICAO,0.0,,3,Não,,,,,FLX_LICENCIAMENTO_AMBIENTAL,2,LICENCIAMENTO AMBIENTAL
511786,1507034,20400,APROVAÇÃO,14577,FOR_CARTA DE SERVIÇO_BD_CADASTRO - ATUALIZAR,2024-05-21 18:03:09,2025-03-23 16:55:03,2025-03-24 22:10:45,51499,JOÃO CARLOS SILVA,2,0.0,45,3,15,1,2,,,326823,DESCRICAO,Descrição do campo DESCRICAO,0.0,,2,Valor_DESCRICAO_1,,,,,FLX_LICENCIAMENTO_AMBIENTAL,2,LICENCIAMENTO AMBIENTAL
519375,1507828,20400,APROVAÇÃO,14578,FOR_LICENCIAMENTO_BD_CADASTRO,2024-03-17 13:27:47,2025-01-17 12:19:41,2025-01-18 17:35:23,50636,MARIA FERNANDA SANTOS PERES,2,0.0,56,42,10,1,2,,,326891,DESCRICAO,Descrição do campo DESCRICAO,0.0,,4,Pendente,,,,,FLX_LICENCIAMENTO_AMBIENTAL,2,LICENCIAMENTO AMBIENTAL
513295,1506569,20400,APROVAÇÃO,14577,FOR_LICENCIAMENTO_BD_CADASTRO,2024-04-23 16:08:17,2025-02-23 15:00:11,2025-02-24 20:15:53,51610,JOÃO CARLOS SILVA,2,0.0,26,23,10,2,3,,,327272,DESCRICAO,Descrição do campo DESCRICAO,0.0,,6,Aprovado,,,,,FLX_LICENCIAMENTO_AMBIENTAL,2,LICENCIAMENTO AMBIENTAL
519498,1507489,20400,APROVAÇÃO,14574,FOR_INSCRICAO_PROGRAMA_BD,2024-05-23 10:40:55,2025-03-25 09:32:49,2025-03-26 14:48:31,52139,ANA PAULA COSTA OLIVEIRA,2,0.0,47,4,5,1,3,,,326952,DESCRICAO,Descrição do campo DESCRICAO,0.0,,9,Pendente,,,,,FLX_LICENCIAMENTO_AMBIENTAL,2,LICENCIAMENTO AMBIENTAL
516202,1506944,20400,APROVAÇÃO,14573,FOR_LICENCIAMENTO_BD_CADASTRO,2024-08-21 17:42:51,2025-06-23 16:34:45,2025-06-24 21:50:27,52723,ANA PAULA COSTA OLIVEIRA,2,0.0,41,7,14,1,3,,,326861,LOG_USUARIO,Descrição do campo LOG_USUARIO,0.0,327189.0,4,Online,,,,,FLX_LICENCIAMENTO_AMBIENTAL,2,LICENCIAMENTO AMBIENTAL
515872,1507298,20400,APROVAÇÃO,14576,FOR_INSCRICAO_PROGRAMA_BD,2024-02-08 15:41:45,2024-12-10 14:33:39,2024-12-11 19:49:21,52941,ANA PAULA COSTA OLIVEIRA,2,0.0,32,7,11,4,2,,,327478,LOG_USUARIO,Descrição do campo LOG_USUARIO,0.0,,7,Valor_LOG_USUARIO_1,,,,,FLX_LICENCIAMENTO_AMBIENTAL,2,LICENCIAMENTO AMBIENTAL
518301,1506957,20400,APROVAÇÃO,14573,FOR_INSCRICAO_PROGRAMA_BD,2024-08-10 17:47:52,2025-06-12 16:39:46,2025-06-13 21:55:28,51252,JOÃO CARLOS SILVA,2,0.0,36,50,18,4,3,,,327038,LOG_USUARIO,Descrição do campo LOG_USUARIO,0.0,327939.0,7,Pendente,,,,,FLX_LICENCIAMENTO_AMBIENTAL,2,LICENCIAMENTO AMBIENTAL
510435,1508657,20400,APROVAÇÃO,14575,FOR_LICENCIAMENTO_BD_CADASTRO,2024-01-19 12:20:54,2024-11-20 11:12:48,2024-11-21 16:28:30,50256,MARIA FERNANDA SANTOS PERES,2,0.0,37,24,18,3,1,,,326562,LOG_USUARIO,Descrição do campo LOG_USUARIO,0.0,,2,Sim,,,,,FLX_LICENCIAMENTO_AMBIENTAL,2,LICENCIAMENTO AMBIENTAL
518895,1509273,20400,APROVAÇÃO,14572,FOR_LICENCIAMENTO_BD_CADASTRO,2024-01-24 16:41:17,2024-11-25 15:33:11,2024-11-26 20:48:53,52528,ANA PAULA COSTA OLIVEIRA,2,0.0,11,46,15,5,3,,,327330,LOG_USUARIO,Descrição do campo LOG_USUARIO,0.0,,9,Pendente,,,,,FLX_LICENCIAMENTO_AMBIENTAL,2,LICENCIAMENTO AMBIENTAL
514541,1506867,20400,APROVAÇÃO,14576,FOR_INSCRICAO_PROGRAMA_BD,2024-12-06 17:27:40,2025-10-08 16:19:34,2025-10-09 21:35:16,52407,ANA PAULA COSTA OLIVEIRA,2,0.0,45,21,10,5,3,,,326892,PRIORIDADE,Descrição do campo PRIORIDADE,0.0,,1,30 minutos,,,,,FLX_LICENCIAMENTO_AMBIENTAL,2,LICENCIAMENTO AMBIENTAL
512157,1509567,20400,APROVAÇÃO,14580,FOR_LICENCIAMENTO_BD_CADASTRO,2024-10-25 10:30:33,2025-08-27 09:22:27,2025-08-28 14:38:09,52199,ANA PAULA COSTA OLIVEIRA,2,0.0,50,50,16,5,1,,,326770,PRIORIDADE,Descrição do campo PRIORIDADE,0.0,327322.0,9,Sim,,,,,FLX_LICENCIAMENTO_AMBIENTAL,2,LICENCIAMENTO AMBIENTAL
515540,1506392,20400,APROVAÇÃO,14575,FOR_LICENCIAMENTO_BD_CADASTRO,2024-03-03 12:14:25,2025-01-03 11:06:19,2025-01-04 16:22:01,52731,ANA PAULA COSTA OLIVEIRA,2,0.0,30,47,17,1,3,,,326776,PRIORIDADE,Descrição do campo PRIORIDADE,0.0,,10,Valor_PRIORIDADE_2,,,,,FLX_LICENCIAMENTO_AMBIENTAL,2,LICENCIAMENTO AMBIENTAL
513624,1505382,20400,APROVAÇÃO,14573,FOR_INSCRICAO_PROGRAMA_BD,2024-10-31 12:32:34,2025-09-02 11:24:28,2025-09-03 16:40:10,50927,MARIA FERNANDA SANTOS PERES,2,0.0,21,37,12,1,2,,,326626,SERVICO,Descrição do campo SERVICO,0.0,327749.0,6,Rejeitado,,,,,FLX_LICENCIAMENTO_AMBIENTAL,2,LICENCIAMENTO AMBIENTAL
512303,1506741,20400,APROVAÇÃO,14576,FOR_LICENCIAMENTO_BD_CADASTRO,2024-06-05 17:19:05,2025-04-07 16:10:59,2025-04-08 21:26:41,52041,ANA PAULA COSTA OLIVEIRA,2,0.0,43,12,15,1,2,,,327251,SERVICO,Descrição do campo SERVICO,0.0,327122.0,7,Valor_SERVICO_1,,,,,FLX_LICENCIAMENTO_AMBIENTAL,2,LICENCIAMENTO AMBIENTAL
511858,1507864,20400,APROVAÇÃO,14571,FOR_INSCRICAO_PROGRAMA_BD,2024-02-11 10:31:13,2024-12-13 09:23:07,2024-12-14 14:38:49,51498,JOÃO CARLOS SILVA,2,0.0,32,29,14,3,1,,,327436,SERVICO,Descrição do campo SERVICO,0.0,,3,"Público - (público em geral, incluindo cidadãos e empresas)",,,,,FLX_LICENCIAMENTO_AMBIENTAL,2,LICENCIAMENTO AMBIENTAL
511527,1508707,20400,APROVAÇÃO,14579,FOR_LICENCIAMENTO_BD_CADASTRO,2024-02-09 16:00:33,2024-12-11 14:52:27,2024-12-12 20:08:09,51519,JOÃO CARLOS SILVA,2,0.0,55,25,5,5,3,,,327185,SERVICO,Descrição do campo SERVICO,0.0,,4,Rejeitado,,,,,FLX_LICENCIAMENTO_AMBIENTAL,2,LICENCIAMENTO AMBIENTAL
520784,1514093,20390,CONCLUÍDO,14573,FOR_INSCRICAO_PROGRAMA_BD,2024-11-13 15:02:40,2025-09-15 13:54:34,2025-09-16 19:10:16,52559,ANA PAULA COSTA OLIVEIRA,2,0.0,23,44,14,2,1,,,327493,LOG_USUARIO,Descrição do campo LOG_USUARIO,0.0,,10,Não se aplica,,,,,FLX_ALVARÁ_DE_FUNCIONAMENTO,2,ALVARÁ DE FUNCIONAMENTO
523035,1514163,20390,CONCLUÍDO,14580,FOR_CERTIDAO_BD_CADASTRO,2024-04-05 12:18:20,2025-02-05 11:10:14,2025-02-06 16:25:56,51156,JOÃO CARLOS SILVA,2,0.0,29,47,3,2,2,,,326803,LOG_USUARIO,Descrição do campo LOG_USUARIO,0.0,,6,Não se aplica,,,,,FLX_ALVARÁ_DE_FUNCIONAMENTO,2,ALVARÁ DE FUNCIONAMENTO
524888,1513851,20390,CONCLUÍDO,14575,FOR_CERTIDAO_BD_CADASTRO,2024-04-25 12:36:14,2025-02-25 11:28:08,2025-02-26 16:43:50,51280,JOÃO CARLOS SILVA,2,0.0,52,22,11,5,3,,,326795,LOG_SERVICO,Descrição do campo LOG_SERVICO,0.0,,1,"Público - (público em geral, incluindo cidadãos e empresas)",,,,,FLX_ALVARÁ_DE_FUNCIONAMENTO,2,ALVARÁ DE FUNCIONAMENTO
521339,1514509,20390,CONCLUÍDO,14578,FOR_CERTIDAO_BD_CADASTRO,2024-12-08 09:01:47,2025-10-10 07:53:41,2025-10-11 13:09:23,50617,MARIA FERNANDA SANTOS PERES,2,0.0,10,5,6,5,3,,,326552,CATEGORIA,Descrição do campo CATEGORIA,0.0,,6,Presencial,,,,,FLX_ALVARÁ_DE_FUNCIONAMENTO,2,ALVARÁ DE FUNCIONAMENTO
529818,1514899,20390,CONCLUÍDO,14573,FOR_INSCRICAO_PROGRAMA_BD,2024-02-18 11:37:13,2024-12-20 10:29:07,2024-12-21 15:44:49,52252,ANA PAULA COSTA OLIVEIRA,2,0.0,40,36,12,3,1,,,326833,RETORNO,Descrição do campo RETORNO,0.0,327114.0,3,"Público - (público em geral, incluindo cidadãos e empresas)",,,,,FLX_ALVARÁ_DE_FUNCIONAMENTO,2,ALVARÁ DE FUNCIONAMENTO
524421,1511609,20390,CONCLUÍDO,14575,FOR_INSCRICAO_PROGRAMA_BD,2024-03-01 10:16:03,2025-01-01 09:07:57,2025-01-02 14:23:39,52729,ANA PAULA COSTA OLIVEIRA,2,0.0,22,36,7,1,1,,,327386,ETAPAS,Descrição do campo ETAPAS,0.0,327779.0,10,,,,,,FLX_ALVARÁ_DE_FUNCIONAMENTO,2,ALVARÁ DE FUNCIONAMENTO
525117,1514579,20390,CONCLUÍDO,14573,FOR_CERTIDAO_BD_CADASTRO,2024-03-10 13:06:36,2025-01-10 11:58:30,2025-01-11 17:14:12,52863,ANA PAULA COSTA OLIVEIRA,2,0.0,56,37,0,3,3,,,326649,ETAPAS,Descrição do campo ETAPAS,0.0,,2,Pendente,,,,,FLX_ALVARÁ_DE_FUNCIONAMENTO,2,ALVARÁ DE FUNCIONAMENTO
523615,1510851,20390,CONCLUÍDO,14573,FOR_LICENCIAMENTO_BD_CADASTRO,2024-12-10 12:54:10,2025-10-12 11:46:04,2025-10-13 17:01:46,50968,MARIA FERNANDA SANTOS PERES,2,0.0,12,37,14,3,2,,,326885,ETAPAS,Descrição do campo ETAPAS,0.0,,9,Rejeitado,,,,,FLX_ALVARÁ_DE_FUNCIONAMENTO,2,ALVARÁ DE FUNCIONAMENTO
529535,1511123,20390,CONCLUÍDO,14572,FOR_INSCRICAO_PROGRAMA_BD,2024-03-15 09:57:05,2025-01-15 08:48:59,2025-01-16 14:04:41,50165,MARIA FERNANDA SANTOS PERES,2,0.0,37,33,19,5,1,,,327135,ETAPAS,Descrição do campo ETAPAS,0.0,,2,Não se aplica,,,,,FLX_ALVARÁ_DE_FUNCIONAMENTO,2,ALVARÁ DE FUNCIONAMENTO
524975,1513096,20390,CONCLUÍDO,14578,FOR_INSCRICAO_PROGRAMA_BD,2024-10-08 12:51:50,2025-08-10 11:43:44,2025-08-11 16:59:26,52622,ANA PAULA COSTA OLIVEIRA,2,0.0,37,6,12,5,1,,,326715,SERVICO,Descrição do campo SERVICO,0.0,,7,Valor_SERVICO_0,,,,,FLX_ALVARÁ_DE_FUNCIONAMENTO,2,ALVARÁ DE FUNCIONAMENTO
524057,1514946,20390,CONCLUÍDO,14571,FOR_INSCRICAO_PROGRAMA_BD,2024-06-08 13:49:10,2025-04-10 12:41:04,2025-04-11 17:56:46,50762,MARIA FERNANDA SANTOS PERES,2,0.0,42,29,8,5,3,,,326507,SERVICO,Descrição do campo SERVICO,0.0,,7,Não se aplica,,,,,FLX_ALVARÁ_DE_FUNCIONAMENTO,2,ALVARÁ DE FUNCIONAMENTO
524667,1512699,20390,CONCLUÍDO,14580,FOR_LICENCIAMENTO_BD_CADASTRO,2024-10-10 09:48:10,2025-08-12 08:40:04,2025-08-13 13:55:46,50744,MARIA FERNANDA SANTOS PERES,2,0.0,40,31,11,5,1,,,326524,SERVICO,Descrição do campo SERVICO,0.0,327542.0,6,Não se aplica,,,,,FLX_ALVARÁ_DE_FUNCIONAMENTO,2,ALVARÁ DE FUNCIONAMENTO
528327,1510128,20390,CONCLUÍDO,14579,FOR_LICENCIAMENTO_BD_CADASTRO,2024-03-21 16:46:55,2025-01-21 15:38:49,2025-01-22 20:54:31,52582,ANA PAULA COSTA OLIVEIRA,2,0.0,10,27,3,4,3,,,326890,SERVICO,Descrição do campo SERVICO,0.0,,2,Rejeitado,,,,,FLX_ALVARÁ_DE_FUNCIONAMENTO,2,ALVARÁ DE FUNCIONAMENTO
522428,1513721,20390,CONCLUÍDO,14580,FOR_LICENCIAMENTO_BD_CADASTRO,2024-04-23 12:58:21,2025-02-23 11:50:15,2025-02-24 17:05:57,50257,MARIA FERNANDA SANTOS PERES,2,0.0,34,10,8,4,1,,,326870,SERVICO,Descrição do campo SERVICO,0.0,,9,Não,,,,,FLX_ALVARÁ_DE_FUNCIONAMENTO,2,ALVARÁ DE FUNCIONAMENTO
528848,1512828,20390,CONCLUÍDO,14574,FOR_LICENCIAMENTO_BD_CADASTRO,2024-03-22 15:04:05,2025-01-22 13:55:59,2025-01-23 19:11:41,51258,JOÃO CARLOS SILVA,2,0.0,17,10,2,1,3,,,326835,LOG_DATAHORA,Descrição do campo LOG_DATAHORA,0.0,,9,Rejeitado,,,,,FLX_ALVARÁ_DE_FUNCIONAMENTO,2,ALVARÁ DE FUNCIONAMENTO
521879,1511965,20390,CONCLUÍDO,14574,FOR_INSCRICAO_PROGRAMA_BD,2024-02-15 11:54:23,2024-12-17 10:46:17,2024-12-18 16:01:59,51543,JOÃO CARLOS SILVA,2,0.0,8,26,11,2,2,,,326532,LOG_DATAHORA,Descrição do campo LOG_DATAHORA,0.0,327118.0,6,Pendente,,,,,FLX_ALVARÁ_DE_FUNCIONAMENTO,2,ALVARÁ DE FUNCIONAMENTO
524510,1514825,20390,CONCLUÍDO,14573,FOR_INSCRICAO_PROGRAMA_BD,2024-03-15 16:38:27,2025-01-15 15:30:21,2025-01-16 20:46:03,51720,JOÃO CARLOS SILVA,2,0.0,17,10,17,1,2,,,327078,LEGISLACAO,Descrição do campo LEGISLACAO,0.0,327534.0,8,Pendente,,,,,FLX_ALVARÁ_DE_FUNCIONAMENTO,2,ALVARÁ DE FUNCIONAMENTO
523082,1512611,20390,CONCLUÍDO,14572,FOR_INSCRICAO_PROGRAMA_BD,2024-11-21 10:51:08,2025-09-23 09:43:02,2025-09-24 14:58:44,52793,ANA PAULA COSTA OLIVEIRA,2,0.0,55,6,14,2,1,,,327356,LEGISLACAO,Descrição do campo LEGISLACAO,0.0,,5,Pendente,,,,,FLX_ALVARÁ_DE_FUNCIONAMENTO,2,ALVARÁ DE FUNCIONAMENTO
525440,1513933,20390,CONCLUÍDO,14576,FOR_INSCRICAO_PROGRAMA_BD,2024-06-15 18:59:56,2025-04-17 17:51:50,2025-04-18 23:07:32,50633,MARIA FERNANDA SANTOS PERES,2,0.0,12,5,0,3,2,,,326955,LEGISLACAO,Descrição do campo LEGISLACAO,0.0,,2,2024-01-15,,,,,FLX_ALVARÁ_DE_FUNCIONAMENTO,2,ALVARÁ DE FUNCIONAMENTO
520080,1511561,20390,CONCLUÍDO,14579,FOR_CERTIDAO_BD_CADASTRO,2024-07-03 18:42:27,2025-05-05 17:34:21,2025-05-06 22:50:03,50991,MARIA FERNANDA SANTOS PERES,2,0.0,30,6,4,1,3,,,326543,LEGISLACAO,Descrição do campo LEGISLACAO,0.0,327806.0,4,Pendente,,,,,FLX_ALVARÁ_DE_FUNCIONAMENTO,2,ALVARÁ DE FUNCIONAMENTO
528042,1513381,20390,CONCLUÍDO,14573,FOR_LICENCIAMENTO_BD_CADASTRO,2024-07-22 14:08:38,2025-05-24 13:00:32,2025-05-25 18:16:14,52843,ANA PAULA COSTA OLIVEIRA,2,0.0,38,1,5,4,1,,,326716,PRIORIDADE,Descrição do campo PRIORIDADE,0.0,,9,Rejeitado,,,,,FLX_ALVARÁ_DE_FUNCIONAMENTO,2,ALVARÁ DE FUNCIONAMENTO
528443,1511828,20390,CONCLUÍDO,14573,FOR_LICENCIAMENTO_BD_CADASTRO,2024-06-17 16:12:57,2025-04-19 15:04:51,2025-04-20 20:20:33,52491,ANA PAULA COSTA OLIVEIRA,2,0.0,38,46,17,5,1,,,327088,PRIORIDADE,Descrição do campo PRIORIDADE,0.0,,2,Online,,,,,FLX_ALVARÁ_DE_FUNCIONAMENTO,2,ALVARÁ DE FUNCIONAMENTO
526314,1514984,20390,CONCLUÍDO,14572,FOR_CERTIDAO_BD_CADASTRO,2024-06-03 16:40:07,2025-04-05 15:32:01,2025-04-06 20:47:43,52804,ANA PAULA COSTA OLIVEIRA,2,0.0,6,35,4,1,3,,,326645,PRIORIDADE,Descrição do campo PRIORIDADE,0.0,327717.0,9,30 minutos,,,,,FLX_ALVARÁ_DE_FUNCIONAMENTO,2,ALVARÁ DE FUNCIONAMENTO
522461,1510916,20390,CONCLUÍDO,14571,FOR_LICENCIAMENTO_BD_CADASTRO,2024-12-12 15:48:04,2025-10-14 14:39:58,2025-10-15 19:55:40,51982,JOÃO CARLOS SILVA,2,0.0,53,46,19,3,2,,,326801,PRIORIDADE,Descrição do campo PRIORIDADE,0.0,,4,2024-01-15,,,,,FLX_ALVARÁ_DE_FUNCIONAMENTO,2,ALVARÁ DE FUNCIONAMENTO
521061,1512927,20390,CONCLUÍDO,14579,FOR_CERTIDAO_BD_CADASTRO,2024-02-22 11:30:01,2024-12-24 10:21:55,2024-12-25 15:37:37,52346,ANA PAULA COSTA OLIVEIRA,2,0.0,37,29,0,2,3,,,327131,PRIORIDADE,Descrição do campo PRIORIDADE,0.0,,2,Pendente,,,,,FLX_ALVARÁ_DE_FUNCIONAMENTO,2,ALVARÁ DE FUNCIONAMENTO
529601,1511925,20390,CONCLUÍDO,14573,FOR_CERTIDAO_BD_CADASTRO,2024-07-27 17:51:57,2025-05-29 16:43:51,2025-05-30 21:59:33,52570,ANA PAULA COSTA OLIVEIRA,2,0.0,1,10,9,2,1,,,326582,INSTRUCOES,Descrição do campo INSTRUCOES,0.0,327274.0,6,Aprovado,,,,,FLX_ALVARÁ_DE_FUNCIONAMENTO,2,ALVARÁ DE FUNCIONAMENTO
525220,1513610,20390,CONCLUÍDO,14571,FOR_INSCRICAO_PROGRAMA_BD,2024-12-23 15:33:26,2025-10-25 14:25:20,2025-10-26 19:41:02,52237,ANA PAULA COSTA OLIVEIRA,2,0.0,41,26,9,4,2,,,326796,INSTRUCOES,Descrição do campo INSTRUCOES,0.0,,4,Sim,,,,,FLX_ALVARÁ_DE_FUNCIONAMENTO,2,ALVARÁ DE FUNCIONAMENTO
523177,1510429,20390,CONCLUÍDO,14578,FOR_INSCRICAO_PROGRAMA_BD,2024-02-05 08:02:19,2024-12-07 06:54:13,2024-12-08 12:09:55,50143,MARIA FERNANDA SANTOS PERES,2,0.0,57,13,8,1,1,,,326754,INSTRUCOES,Descrição do campo INSTRUCOES,0.0,327389.0,5,30 minutos,,,,,FLX_ALVARÁ_DE_FUNCIONAMENTO,2,ALVARÁ DE FUNCIONAMENTO
521165,1512991,20390,CONCLUÍDO,14571,FOR_INSCRICAO_PROGRAMA_BD,2024-03-04 15:32:14,2025-01-04 14:24:08,2025-01-05 19:39:50,50532,MARIA FERNANDA SANTOS PERES,2,0.0,54,9,9,4,2,,,327218,INSTRUCOES,Descrição do campo INSTRUCOES,0.0,,1,Rejeitado,,,,,FLX_ALVARÁ_DE_FUNCIONAMENTO,2,ALVARÁ DE FUNCIONAMENTO
529849,1514294,20390,CONCLUÍDO,14571,FOR_LICENCIAMENTO_BD_CADASTRO,2024-12-15 08:08:04,2025-10-17 06:59:58,2025-10-18 12:15:40,50141,MARIA FERNANDA SANTOS PERES,2,0.0,51,33,11,3,1,,,326882,INSTRUCOES,Descrição do campo INSTRUCOES,0.0,,8,Pendente,,,,,FLX_ALVARÁ_DE_FUNCIONAMENTO,2,ALVARÁ DE FUNCIONAMENTO
522512,1514757,20390,CONCLUÍDO,14572,FOR_CERTIDAO_BD_CADASTRO,2024-12-22 10:01:09,2025-10-24 08:53:03,2025-10-25 14:08:45,50801,MARIA FERNANDA SANTOS PERES,2,0.0,50,16,3,2,2,,,326641,DESCRICAO,Descrição do campo DESCRICAO,0.0,327535.0,2,30 minutos,,,,,FLX_ALVARÁ_DE_FUNCIONAMENTO,2,ALVARÁ DE FUNCIONAMENTO
528162,1512958,20390,CONCLUÍDO,14574,FOR_CERTIDAO_BD_CADASTRO,2024-12-23 18:11:50,2025-10-25 17:03:44,2025-10-26 22:19:26,51824,JOÃO CARLOS SILVA,2,0.0,42,29,8,4,1,,,326978,DESCRICAO,Descrição do campo DESCRICAO,0.0,,4,30 minutos,,,,,FLX_ALVARÁ_DE_FUNCIONAMENTO,2,ALVARÁ DE FUNCIONAMENTO
528807,1511995,20390,CONCLUÍDO,14579,FOR_CERTIDAO_BD_CADASTRO,2024-10-24 15:14:34,2025-08-26 14:06:28,2025-08-27 19:22:10,51165,JOÃO CARLOS SILVA,2,0.0,40,7,1,1,2,,,326841,DESCRICAO,Descrição do campo DESCRICAO,0.0,,9,Rejeitado,,,,,FLX_ALVARÁ_DE_FUNCIONAMENTO,2,ALVARÁ DE FUNCIONAMENTO
527828,1514339,20400,APROVAÇÃO,14571,FOR_LICENCIAMENTO_BD_CADASTRO,2024-02-05 17:00:17,2024-12-07 15:52:11,2024-12-08 21:07:53,51557,JOÃO CARLOS SILVA,2,0.0,57,3,6,1,3,,,326964,INSTRUCOES,Descrição do campo INSTRUCOES,0.0,,3,2024-01-15,,,,,FLX_ALVARÁ_DE_FUNCIONAMENTO,2,ALVARÁ DE FUNCIONAMENTO
528534,1510529,20400,APROVAÇÃO,14578,FOR_INSCRICAO_PROGRAMA_BD,2024-11-03 15:02:18,2025-09-05 13:54:12,2025-09-06 19:09:54,52012,ANA PAULA COSTA OLIVEIRA,2,0.0,16,37,4,4,1,,,327118,INSTRUCOES,Descrição do campo INSTRUCOES,0.0,,4,Não se aplica,,,,,FLX_ALVARÁ_DE_FUNCIONAMENTO,2,ALVARÁ DE FUNCIONAMENTO
520329,1510252,20400,APROVAÇÃO,14571,FOR_CERTIDAO_BD_CADASTRO,2024-04-16 11:54:06,2025-02-16 10:46:00,2025-02-17 16:01:42,52898,ANA PAULA COSTA OLIVEIRA,2,0.0,5,31,3,3,1,,,327380,INSTRUCOES,Descrição do campo INSTRUCOES,0.0,,8,Sim,,,,,FLX_ALVARÁ_DE_FUNCIONAMENTO,2,ALVARÁ DE FUNCIONAMENTO
529368,1513402,20400,APROVAÇÃO,14577,FOR_INSCRICAO_PROGRAMA_BD,2024-07-31 15:12:14,2025-06-02 14:04:08,2025-06-03 19:19:50,52419,ANA PAULA COSTA OLIVEIRA,2,0.0,32,9,10,5,2,,,326678,INSTRUCOES,Descrição do campo INSTRUCOES,0.0,327506.0,7,Sim,,,,,FLX_ALVARÁ_DE_FUNCIONAMENTO,2,ALVARÁ DE FUNCIONAMENTO
528332,1514356,20400,APROVAÇÃO,14573,FOR_INSCRICAO_PROGRAMA_BD,2024-11-12 08:55:41,2025-09-14 07:47:35,2025-09-15 13:03:17,50945,MARIA FERNANDA SANTOS PERES,2,0.0,17,25,11,4,1,,,326975,INSTRUCOES,Descrição do campo INSTRUCOES,0.0,,8,2024-01-15,,,,,FLX_ALVARÁ_DE_FUNCIONAMENTO,2,ALVARÁ DE FUNCIONAMENTO
529773,1510232,20400,APROVAÇÃO,14574,FOR_CERTIDAO_BD_CADASTRO,2024-10-04 15:38:34,2025-08-06 14:30:28,2025-08-07 19:46:10,52339,ANA PAULA COSTA OLIVEIRA,2,0.0,2,48,9,3,3,,,327380,LEGISLACAO,Descrição do campo LEGISLACAO,0.0,,5,Online,,,,,FLX_ALVARÁ_DE_FUNCIONAMENTO,2,ALVARÁ DE FUNCIONAMENTO
524712,1513520,20400,APROVAÇÃO,14576,FOR_CERTIDAO_BD_CADASTRO,2024-12-09 18:50:03,2025-10-11 17:41:57,2025-10-12 22:57:39,51330,JOÃO CARLOS SILVA,2,0.0,27,31,16,5,1,,,327254,LEGISLACAO,Descrição do campo LEGISLACAO,0.0,327859.0,8,2024-01-15,,,,,FLX_ALVARÁ_DE_FUNCIONAMENTO,2,ALVARÁ DE FUNCIONAMENTO
526411,1511433,20400,APROVAÇÃO,14578,FOR_CERTIDAO_BD_CADASTRO,2024-12-25 12:45:28,2025-10-27 11:37:22,2025-10-28 16:53:04,52382,ANA PAULA COSTA OLIVEIRA,2,0.0,36,24,2,2,3,,,326990,LEGISLACAO,Descrição do campo LEGISLACAO,0.0,,3,Valor_LEGISLACAO_2,,,,,FLX_ALVARÁ_DE_FUNCIONAMENTO,2,ALVARÁ DE FUNCIONAMENTO
528670,1514255,20400,APROVAÇÃO,14574,FOR_INSCRICAO_PROGRAMA_BD,2024-06-02 08:23:53,2025-04-04 07:15:47,2025-04-05 12:31:29,51414,JOÃO CARLOS SILVA,2,0.0,10,36,0,2,3,,,326933,LEGISLACAO,Descrição do campo LEGISLACAO,0.0,,5,Presencial,,,,,FLX_ALVARÁ_DE_FUNCIONAMENTO,2,ALVARÁ DE FUNCIONAMENTO
522035,1512139,20400,APROVAÇÃO,14580,FOR_CERTIDAO_BD_CADASTRO,2024-06-18 08:28:58,2025-04-20 07:20:52,2025-04-21 12:36:34,50374,MARIA FERNANDA SANTOS PERES,2,0.0,41,31,9,4,2,,,326578,UORG_ENTIDADE_SUB,Descrição do campo UORG_ENTIDADE_SUB,0.0,,4,Valor_UORG_ENTIDADE_SUB_0,,,,,FLX_ALVARÁ_DE_FUNCIONAMENTO,2,ALVARÁ DE FUNCIONAMENTO
528114,1514300,20400,APROVAÇÃO,14580,FOR_CERTIDAO_BD_CADASTRO,2024-03-13 17:33:18,2025-01-13 16:25:12,2025-01-14 21:40:54,52561,ANA PAULA COSTA OLIVEIRA,2,0.0,51,22,19,1,3,,,327263,UORG_ENTIDADE_SUB,Descrição do campo UORG_ENTIDADE_SUB,0.0,,2,Sim,,,,,FLX_ALVARÁ_DE_FUNCIONAMENTO,2,ALVARÁ DE FUNCIONAMENTO
529014,1513658,20400,APROVAÇÃO,14573,FOR_CERTIDAO_BD_CADASTRO,2024-04-15 18:27:31,2025-02-15 17:19:25,2025-02-16 22:35:07,50899,MARIA FERNANDA SANTOS PERES,2,0.0,25,18,3,3,2,,,326747,UORG_ENTIDADE_SUB,Descrição do campo UORG_ENTIDADE_SUB,0.0,,7,Online,,,,,FLX_ALVARÁ_DE_FUNCIONAMENTO,2,ALVARÁ DE FUNCIONAMENTO
529182,1512546,20400,APROVAÇÃO,14579,FOR_INSCRICAO_PROGRAMA_BD,2024-06-15 09:30:28,2025-04-17 08:22:22,2025-04-18 13:38:04,50990,MARIA FERNANDA SANTOS PERES,2,0.0,18,17,11,4,1,,,327334,UORG_ENTIDADE_SUB,Descrição do campo UORG_ENTIDADE_SUB,0.0,,3,Pendente,,,,,FLX_ALVARÁ_DE_FUNCIONAMENTO,2,ALVARÁ DE FUNCIONAMENTO
529744,1512294,20400,APROVAÇÃO,14580,FOR_CERTIDAO_BD_CADASTRO,2024-03-19 16:45:20,2025-01-19 15:37:14,2025-01-20 20:52:56,51841,JOÃO CARLOS SILVA,2,0.0,11,42,17,2,2,,,326848,AREA_RESPONSAVEL,Descrição do campo AREA_RESPONSAVEL,0.0,327067.0,6,"Público - (público em geral, incluindo cidadãos e empresas)",,,,,FLX_ALVARÁ_DE_FUNCIONAMENTO,2,ALVARÁ DE FUNCIONAMENTO
524856,1510670,20400,APROVAÇÃO,14572,FOR_LICENCIAMENTO_BD_CADASTRO,2024-06-11 18:20:09,2025-04-13 17:12:03,2025-04-14 22:27:45,50260,MARIA FERNANDA SANTOS PERES,2,0.0,21,12,15,2,3,,,327106,AREA_RESPONSAVEL,Descrição do campo AREA_RESPONSAVEL,0.0,,9,Não,,,,,FLX_ALVARÁ_DE_FUNCIONAMENTO,2,ALVARÁ DE FUNCIONAMENTO
527624,1510257,20400,APROVAÇÃO,14576,FOR_CERTIDAO_BD_CADASTRO,2024-11-18 15:16:02,2025-09-20 14:07:56,2025-09-21 19:23:38,51426,JOÃO CARLOS SILVA,2,0.0,20,50,5,5,3,,,326802,AREA_RESPONSAVEL,Descrição do campo AREA_RESPONSAVEL,0.0,,8,Não se aplica,,,,,FLX_ALVARÁ_DE_FUNCIONAMENTO,2,ALVARÁ DE FUNCIONAMENTO
521189,1513585,20400,APROVAÇÃO,14575,FOR_INSCRICAO_PROGRAMA_BD,2024-04-05 17:42:25,2025-02-05 16:34:19,2025-02-06 21:50:01,52875,ANA PAULA COSTA OLIVEIRA,2,0.0,16,13,0,4,3,,,326740,AREA_RESPONSAVEL,Descrição do campo AREA_RESPONSAVEL,0.0,,1,Valor_AREA_RESPONSAVEL_3,,,,,FLX_ALVARÁ_DE_FUNCIONAMENTO,2,ALVARÁ DE FUNCIONAMENTO
521720,1511575,20400,APROVAÇÃO,14576,FOR_LICENCIAMENTO_BD_CADASTRO,2024-04-12 16:23:07,2025-02-12 15:15:01,2025-02-13 20:30:43,51881,JOÃO CARLOS SILVA,2,0.0,48,25,3,4,3,,,327192,AREA_RESPONSAVEL,Descrição do campo AREA_RESPONSAVEL,0.0,327997.0,2,Aprovado,,,,,FLX_ALVARÁ_DE_FUNCIONAMENTO,2,ALVARÁ DE FUNCIONAMENTO
525967,1511352,20400,APROVAÇÃO,14572,FOR_INSCRICAO_PROGRAMA_BD,2024-03-27 09:05:27,2025-01-27 07:57:21,2025-01-28 13:13:03,50823,MARIA FERNANDA SANTOS PERES,2,0.0,51,20,6,3,1,,,326729,LOG_SERVICO,Descrição do campo LOG_SERVICO,0.0,,7,Online,,,,,FLX_ALVARÁ_DE_FUNCIONAMENTO,2,ALVARÁ DE FUNCIONAMENTO
522663,1513859,20400,APROVAÇÃO,14580,FOR_LICENCIAMENTO_BD_CADASTRO,2024-06-25 18:04:11,2025-04-27 16:56:05,2025-04-28 22:11:47,50595,MARIA FERNANDA SANTOS PERES,2,0.0,24,6,0,1,3,,,327208,LOG_SERVICO,Descrição do campo LOG_SERVICO,0.0,,10,2024-01-15,,,,,FLX_ALVARÁ_DE_FUNCIONAMENTO,2,ALVARÁ DE FUNCIONAMENTO
524172,1510716,20400,APROVAÇÃO,14576,FOR_LICENCIAMENTO_BD_CADASTRO,2024-03-31 14:55:58,2025-01-31 13:47:52,2025-02-01 19:03:34,52831,ANA PAULA COSTA OLIVEIRA,2,0.0,37,13,9,1,2,,,326587,LOG_SERVICO,Descrição do campo LOG_SERVICO,0.0,,5,2024-01-15,,,,,FLX_ALVARÁ_DE_FUNCIONAMENTO,2,ALVARÁ DE FUNCIONAMENTO
520083,1513364,20400,APROVAÇÃO,14573,FOR_CERTIDAO_BD_CADASTRO,2024-04-24 13:49:36,2025-02-24 12:41:30,2025-02-25 17:57:12,51816,JOÃO CARLOS SILVA,2,0.0,16,42,8,3,2,,,326773,LOG_SERVICO,Descrição do campo LOG_SERVICO,0.0,,1,Presencial,,,,,FLX_ALVARÁ_DE_FUNCIONAMENTO,2,ALVARÁ DE FUNCIONAMENTO
520226,1514644,20400,APROVAÇÃO,14571,FOR_CERTIDAO_BD_CADASTRO,2024-06-19 18:40:39,2025-04-21 17:32:33,2025-04-22 22:48:15,51122,JOÃO CARLOS SILVA,2,0.0,7,27,15,2,2,,,327072,LOG_SERVICO,Descrição do campo LOG_SERVICO,0.0,,5,Sim,,,,,FLX_ALVARÁ_DE_FUNCIONAMENTO,2,ALVARÁ DE FUNCIONAMENTO
528635,1513117,20400,APROVAÇÃO,14572,FOR_INSCRICAO_PROGRAMA_BD,2024-04-20 15:26:17,2025-02-20 14:18:11,2025-02-21 19:33:53,52202,ANA PAULA COSTA OLIVEIRA,2,0.0,39,30,20,1,3,,,327205,SINONIMOS,Descrição do campo SINONIMOS,0.0,,3,Aprovado,,,,,FLX_ALVARÁ_DE_FUNCIONAMENTO,2,ALVARÁ DE FUNCIONAMENTO
524659,1514904,20400,APROVAÇÃO,14577,FOR_CERTIDAO_BD_CADASTRO,2024-12-05 18:28:23,2025-10-07 17:20:17,2025-10-08 22:35:59,52240,ANA PAULA COSTA OLIVEIRA,2,0.0,37,25,14,1,3,,,327007,SINONIMOS,Descrição do campo SINONIMOS,0.0,,3,Não,,,,,FLX_ALVARÁ_DE_FUNCIONAMENTO,2,ALVARÁ DE FUNCIONAMENTO
520394,1514978,20400,APROVAÇÃO,14576,FOR_LICENCIAMENTO_BD_CADASTRO,2024-07-08 15:28:33,2025-05-10 14:20:27,2025-05-11 19:36:09,52567,ANA PAULA COSTA OLIVEIRA,2,0.0,38,28,3,2,1,,,327038,SINONIMOS,Descrição do campo SINONIMOS,0.0,,7,Valor_SINONIMOS_2,,,,,FLX_ALVARÁ_DE_FUNCIONAMENTO,2,ALVARÁ DE FUNCIONAMENTO
521993,1513876,20400,APROVAÇÃO,14573,FOR_LICENCIAMENTO_BD_CADASTRO,2024-10-05 14:05:58,2025-08-07 12:57:52,2025-08-08 18:13:34,50789,MARIA FERNANDA SANTOS PERES,2,0.0,15,34,16,3,3,,,327388,REQUISITOS,Descrição do campo REQUISITOS,0.0,,1,Pendente,,,,,FLX_ALVARÁ_DE_FUNCIONAMENTO,2,ALVARÁ DE FUNCIONAMENTO
522392,1511728,20400,APROVAÇÃO,14572,FOR_CERTIDAO_BD_CADASTRO,2024-07-12 12:24:26,2025-05-14 11:16:20,2025-05-15 16:32:02,51045,JOÃO CARLOS SILVA,2,0.0,12,16,9,3,1,,,326789,ETAPAS,Descrição do campo ETAPAS,0.0,,9,Sim,,,,,FLX_ALVARÁ_DE_FUNCIONAMENTO,2,ALVARÁ DE FUNCIONAMENTO
529114,1513310,20400,APROVAÇÃO,14579,FOR_INSCRICAO_PROGRAMA_BD,2024-12-30 15:12:07,2025-11-01 14:04:01,2025-11-02 19:19:43,52933,ANA PAULA COSTA OLIVEIRA,2,0.0,33,6,15,1,3,,,327119,PRIORIDADE,Descrição do campo PRIORIDADE,0.0,,5,Valor_PRIORIDADE_0,,,,,FLX_ALVARÁ_DE_FUNCIONAMENTO,2,ALVARÁ DE FUNCIONAMENTO
529794,1514243,20400,APROVAÇÃO,14578,FOR_INSCRICAO_PROGRAMA_BD,2024-11-24 15:57:24,2025-09-26 14:49:18,2025-09-27 20:05:00,52878,ANA PAULA COSTA OLIVEIRA,2,0.0,1,18,18,1,2,,,326595,CATEGORIA,Descrição do campo CATEGORIA,0.0,,7,Presencial,,,,,FLX_ALVARÁ_DE_FUNCIONAMENTO,2,ALVARÁ DE FUNCIONAMENTO
527128,1513338,20400,APROVAÇÃO,14573,FOR_INSCRICAO_PROGRAMA_BD,2024-06-04 14:01:20,2025-04-06 12:53:14,2025-04-07 18:08:56,51075,JOÃO CARLOS SILVA,2,0.0,17,7,13,5,1,,,327091,CATEGORIA,Descrição do campo CATEGORIA,0.0,327247.0,3,Sim,,,,,FLX_ALVARÁ_DE_FUNCIONAMENTO,2,ALVARÁ DE FUNCIONAMENTO
520767,1512666,20400,APROVAÇÃO,14577,FOR_INSCRICAO_PROGRAMA_BD,2024-03-16 14:27:43,2025-01-16 13:19:37,2025-01-17 18:35:19,50553,MARIA FERNANDA SANTOS PERES,2,0.0,36,26,8,4,2,,,326897,LOG_DATAHORA,Descrição do campo LOG_DATAHORA,0.0,,9,"Público - (público em geral, incluindo cidadãos e empresas)",,,,,FLX_ALVARÁ_DE_FUNCIONAMENTO,2,ALVARÁ DE FUNCIONAMENTO
520818,1513792,20400,APROVAÇÃO,14580,FOR_LICENCIAMENTO_BD_CADASTRO,2024-02-24 10:56:26,2024-12-26 09:48:20,2024-12-27 15:04:02,50205,MARIA FERNANDA SANTOS PERES,2,0.0,35,32,1,4,1,,,326899,PESSOA_FISICA,Descrição do campo PESSOA_FISICA,0.0,,4,Rejeitado,,,,,FLX_ALVARÁ_DE_FUNCIONAMENTO,2,ALVARÁ DE FUNCIONAMENTO
529571,1512474,20400,APROVAÇÃO,14578,FOR_INSCRICAO_PROGRAMA_BD,2024-02-09 10:07:42,2024-12-11 08:59:36,2024-12-12 14:15:18,51745,JOÃO CARLOS SILVA,2,0.0,30,27,9,4,2,,,326753,PESSOA_FISICA,Descrição do campo PESSOA_FISICA,0.0,,2,Sim,,,,,FLX_ALVARÁ_DE_FUNCIONAMENTO,2,ALVARÁ DE FUNCIONAMENTO
526561,1510053,20400,APROVAÇÃO,14579,FOR_INSCRICAO_PROGRAMA_BD,2024-12-19 13:29:51,2025-10-21 12:21:45,2025-10-22 17:37:27,50274,MARIA FERNANDA SANTOS PERES,2,0.0,4,12,1,5,3,,,326506,PESSOA_FISICA,Descrição do campo PESSOA_FISICA,0.0,,8,,,,,,FLX_ALVARÁ_DE_FUNCIONAMENTO,2,ALVARÁ DE FUNCIONAMENTO
529366,1513000,20400,APROVAÇÃO,14580,FOR_LICENCIAMENTO_BD_CADASTRO,2024-11-13 13:16:47,2025-09-15 12:08:41,2025-09-16 17:24:23,51071,JOÃO CARLOS SILVA,2,0.0,31,9,17,4,3,,,326774,PESSOA_FISICA,Descrição do campo PESSOA_FISICA,0.0,,5,,,,,,FLX_ALVARÁ_DE_FUNCIONAMENTO,2,ALVARÁ DE FUNCIONAMENTO
526882,1511627,20400,APROVAÇÃO,14577,FOR_INSCRICAO_PROGRAMA_BD,2024-11-20 10:34:18,2025-09-22 09:26:12,2025-09-23 14:41:54,50049,MARIA FERNANDA SANTOS PERES,2,0.0,24,10,6,2,3,,,326513,CONSUMIDOR,Descrição do campo CONSUMIDOR,0.0,327337.0,6,Aprovado,,,,,FLX_ALVARÁ_DE_FUNCIONAMENTO,2,ALVARÁ DE FUNCIONAMENTO
524127,1510767,20400,APROVAÇÃO,14575,FOR_INSCRICAO_PROGRAMA_BD,2024-11-22 15:44:30,2025-09-24 14:36:24,2025-09-25 19:52:06,52614,ANA PAULA COSTA OLIVEIRA,2,0.0,5,48,4,3,1,,,326519,TAXA,Descrição do campo TAXA,0.0,,5,Não,,,,,FLX_ALVARÁ_DE_FUNCIONAMENTO,2,ALVARÁ DE FUNCIONAMENTO
526076,1512666,20400,APROVAÇÃO,14580,FOR_LICENCIAMENTO_BD_CADASTRO,2024-03-15 18:01:03,2025-01-15 16:52:57,2025-01-16 22:08:39,51621,JOÃO CARLOS SILVA,2,0.0,18,43,20,4,2,,,326883,TAXA,Descrição do campo TAXA,0.0,,7,30 minutos,,,,,FLX_ALVARÁ_DE_FUNCIONAMENTO,2,ALVARÁ DE FUNCIONAMENTO
527186,1510320,20400,APROVAÇÃO,14571,FOR_CERTIDAO_BD_CADASTRO,2024-11-26 16:35:01,2025-09-28 15:26:55,2025-09-29 20:42:37,51989,JOÃO CARLOS SILVA,2,0.0,13,40,9,5,3,,,326852,TAXA,Descrição do campo TAXA,0.0,327752.0,2,Não,,,,,FLX_ALVARÁ_DE_FUNCIONAMENTO,2,ALVARÁ DE FUNCIONAMENTO
522027,1511475,20400,APROVAÇÃO,14579,FOR_INSCRICAO_PROGRAMA_BD,2024-07-17 17:10:23,2025-05-19 16:02:17,2025-05-20 21:17:59,52327,ANA PAULA COSTA OLIVEIRA,2,0.0,26,17,2,2,1,,,326787,TAXA,Descrição do campo TAXA,0.0,,5,Presencial,,,,,FLX_ALVARÁ_DE_FUNCIONAMENTO,2,ALVARÁ DE FUNCIONAMENTO
527765,1514092,20410,CADASTRO,14571,FOR_INSCRICAO_PROGRAMA_BD,2024-11-20 14:10:44,2025-09-22 13:02:38,2025-09-23 18:18:20,50478,MARIA FERNANDA SANTOS PERES,2,0.0,37,45,7,4,3,,,327179,REQUISITOS,Descrição do campo REQUISITOS,0.0,327665.0,4,Presencial,,,,,FLX_ALVARÁ_DE_FUNCIONAMENTO,2,ALVARÁ DE FUNCIONAMENTO
525355,1511725,20410,CADASTRO,14579,FOR_LICENCIAMENTO_BD_CADASTRO,2024-04-02 18:05:17,2025-02-02 16:57:11,2025-02-03 22:12:53,52566,ANA PAULA COSTA OLIVEIRA,2,0.0,31,33,3,2,2,,,327348,PRIORIDADE,Descrição do campo PRIORIDADE,0.0,,5,2024-01-15,,,,,FLX_ALVARÁ_DE_FUNCIONAMENTO,2,ALVARÁ DE FUNCIONAMENTO
522017,1513705,20410,CADASTRO,14575,FOR_INSCRICAO_PROGRAMA_BD,2024-11-22 09:33:23,2025-09-24 08:25:17,2025-09-25 13:40:59,52699,ANA PAULA COSTA OLIVEIRA,2,0.0,52,13,13,4,2,,,327232,PRIORIDADE,Descrição do campo PRIORIDADE,0.0,,5,"Público - (público em geral, incluindo cidadãos e empresas)",,,,,FLX_ALVARÁ_DE_FUNCIONAMENTO,2,ALVARÁ DE FUNCIONAMENTO
523589,1514774,20410,CADASTRO,14578,FOR_LICENCIAMENTO_BD_CADASTRO,2024-02-07 09:53:48,2024-12-09 08:45:42,2024-12-10 14:01:24,51483,JOÃO CARLOS SILVA,2,0.0,28,1,4,4,2,,,327218,PRIORIDADE,Descrição do campo PRIORIDADE,0.0,,8,,,,,,FLX_ALVARÁ_DE_FUNCIONAMENTO,2,ALVARÁ DE FUNCIONAMENTO
523390,1512302,20410,CADASTRO,14573,FOR_LICENCIAMENTO_BD_CADASTRO,2024-06-13 12:47:21,2025-04-15 11:39:15,2025-04-16 16:54:57,51618,JOÃO CARLOS SILVA,2,0.0,29,12,6,4,3,,,327482,PRIORIDADE,Descrição do campo PRIORIDADE,0.0,,8,"Público - (público em geral, incluindo cidadãos e empresas)",,,,,FLX_ALVARÁ_DE_FUNCIONAMENTO,2,ALVARÁ DE FUNCIONAMENTO
520980,1511524,20410,CADASTRO,14575,FOR_CERTIDAO_BD_CADASTRO,2024-12-30 16:07:16,2025-11-01 14:59:10,2025-11-02 20:14:52,52975,ANA PAULA COSTA OLIVEIRA,2,0.0,30,6,0,4,2,,,327013,PRIORIDADE,Descrição do campo PRIORIDADE,0.0,,1,Aprovado,,,,,FLX_ALVARÁ_DE_FUNCIONAMENTO,2,ALVARÁ DE FUNCIONAMENTO
529778,1513707,20410,CADASTRO,14575,FOR_CERTIDAO_BD_CADASTRO,2024-02-20 16:20:58,2024-12-22 15:12:52,2024-12-23 20:28:34,52829,ANA PAULA COSTA OLIVEIRA,2,0.0,49,12,15,1,2,,,326728,ETAPAS,Descrição do campo ETAPAS,0.0,,8,Não se aplica,,,,,FLX_ALVARÁ_DE_FUNCIONAMENTO,2,ALVARÁ DE FUNCIONAMENTO
525553,1510931,20410,CADASTRO,14580,FOR_LICENCIAMENTO_BD_CADASTRO,2024-10-04 16:54:07,2025-08-06 15:46:01,2025-08-07 21:01:43,51613,JOÃO CARLOS SILVA,2,0.0,52,44,9,2,3,,,327374,ETAPAS,Descrição do campo ETAPAS,0.0,,2,Não se aplica,,,,,FLX_ALVARÁ_DE_FUNCIONAMENTO,2,ALVARÁ DE FUNCIONAMENTO
526316,1514310,20410,CADASTRO,14580,FOR_CERTIDAO_BD_CADASTRO,2024-10-27 18:21:50,2025-08-29 17:13:44,2025-08-30 22:29:26,52447,ANA PAULA COSTA OLIVEIRA,2,0.0,12,13,6,3,3,,,327331,ETAPAS,Descrição do campo ETAPAS,0.0,,4,Rejeitado,,,,,FLX_ALVARÁ_DE_FUNCIONAMENTO,2,ALVARÁ DE FUNCIONAMENTO
529415,1514248,20410,CADASTRO,14572,FOR_INSCRICAO_PROGRAMA_BD,2024-04-01 09:47:33,2025-02-01 08:39:27,2025-02-02 13:55:09,52870,ANA PAULA COSTA OLIVEIRA,2,0.0,3,18,5,3,3,,,326939,CONSUMIDOR,Descrição do campo CONSUMIDOR,0.0,,6,Não se aplica,,,,,FLX_ALVARÁ_DE_FUNCIONAMENTO,2,ALVARÁ DE FUNCIONAMENTO
526955,1511098,20410,CADASTRO,14573,FOR_CERTIDAO_BD_CADASTRO,2024-07-06 15:02:26,2025-05-08 13:54:20,2025-05-09 19:10:02,50936,MARIA FERNANDA SANTOS PERES,2,0.0,38,11,7,5,3,,,326873,CATEGORIA,Descrição do campo CATEGORIA,0.0,,1,"Público - (público em geral, incluindo cidadãos e empresas)",,,,,FLX_ALVARÁ_DE_FUNCIONAMENTO,2,ALVARÁ DE FUNCIONAMENTO
522623,1510209,20410,CADASTRO,14572,FOR_INSCRICAO_PROGRAMA_BD,2024-10-07 10:35:46,2025-08-09 09:27:40,2025-08-10 14:43:22,50839,MARIA FERNANDA SANTOS PERES,2,0.0,34,3,2,3,2,,,327477,SINONIMOS,Descrição do campo SINONIMOS,0.0,,1,Não,,,,,FLX_ALVARÁ_DE_FUNCIONAMENTO,2,ALVARÁ DE FUNCIONAMENTO
523781,1510329,20410,CADASTRO,14573,FOR_INSCRICAO_PROGRAMA_BD,2024-07-13 18:50:21,2025-05-15 17:42:15,2025-05-16 22:57:57,51621,JOÃO CARLOS SILVA,2,0.0,15,19,9,3,1,,,327133,SINONIMOS,Descrição do campo SINONIMOS,0.0,,8,Pendente,,,,,FLX_ALVARÁ_DE_FUNCIONAMENTO,2,ALVARÁ DE FUNCIONAMENTO
528159,1514056,20410,CADASTRO,14574,FOR_LICENCIAMENTO_BD_CADASTRO,2024-11-21 09:49:37,2025-09-23 08:41:31,2025-09-24 13:57:13,50293,MARIA FERNANDA SANTOS PERES,2,0.0,13,5,10,1,3,,,326713,SINONIMOS,Descrição do campo SINONIMOS,0.0,327271.0,1,Online,,,,,FLX_ALVARÁ_DE_FUNCIONAMENTO,2,ALVARÁ DE FUNCIONAMENTO
520924,1514013,20410,CADASTRO,14577,FOR_INSCRICAO_PROGRAMA_BD,2024-10-20 16:27:07,2025-08-22 15:19:01,2025-08-23 20:34:43,52879,ANA PAULA COSTA OLIVEIRA,2,0.0,24,1,7,2,3,,,326666,SINONIMOS,Descrição do campo SINONIMOS,0.0,,3,Não se aplica,,,,,FLX_ALVARÁ_DE_FUNCIONAMENTO,2,ALVARÁ DE FUNCIONAMENTO
521841,1513428,20410,CADASTRO,14573,FOR_LICENCIAMENTO_BD_CADASTRO,2024-02-29 18:22:03,2024-12-31 17:13:57,2025-01-01 22:29:39,50003,MARIA FERNANDA SANTOS PERES,2,0.0,4,34,17,1,3,,,327004,SINONIMOS,Descrição do campo SINONIMOS,0.0,,5,Pendente,,,,,FLX_ALVARÁ_DE_FUNCIONAMENTO,2,ALVARÁ DE FUNCIONAMENTO
528251,1512471,20410,CADASTRO,14574,FOR_LICENCIAMENTO_BD_CADASTRO,2024-03-08 14:21:52,2025-01-08 13:13:46,2025-01-09 18:29:28,52514,ANA PAULA COSTA OLIVEIRA,2,0.0,19,44,1,3,3,,,326559,DESCRICAO,Descrição do campo DESCRICAO,0.0,327966.0,8,,,,,,FLX_ALVARÁ_DE_FUNCIONAMENTO,2,ALVARÁ DE FUNCIONAMENTO
526731,1512179,20410,CADASTRO,14572,FOR_INSCRICAO_PROGRAMA_BD,2024-02-29 16:08:24,2024-12-31 15:00:18,2025-01-01 20:16:00,52450,ANA PAULA COSTA OLIVEIRA,2,0.0,43,49,10,1,3,,,327318,DESCRICAO,Descrição do campo DESCRICAO,0.0,327858.0,4,Sim,,,,,FLX_ALVARÁ_DE_FUNCIONAMENTO,2,ALVARÁ DE FUNCIONAMENTO
520549,1513357,20410,CADASTRO,14575,FOR_CERTIDAO_BD_CADASTRO,2024-02-12 11:37:20,2024-12-14 10:29:14,2024-12-15 15:44:56,50544,MARIA FERNANDA SANTOS PERES,2,0.0,45,8,13,4,2,,,326753,DESCRICAO,Descrição do campo DESCRICAO,0.0,327681.0,9,"Público - (público em geral, incluindo cidadãos e empresas)",,,,,FLX_ALVARÁ_DE_FUNCIONAMENTO,2,ALVARÁ DE FUNCIONAMENTO
524379,1514673,20410,CADASTRO,14575,FOR_INSCRICAO_PROGRAMA_BD,2024-03-17 11:09:42,2025-01-17 10:01:36,2025-01-18 15:17:18,51362,JOÃO CARLOS SILVA,2,0.0,13,35,7,4,1,,,327195,DESCRICAO,Descrição do campo DESCRICAO,0.0,327444.0,9,Sim,,,,,FLX_ALVARÁ_DE_FUNCIONAMENTO,2,ALVARÁ DE FUNCIONAMENTO
524549,1512504,20410,CADASTRO,14573,FOR_INSCRICAO_PROGRAMA_BD,2024-03-05 14:33:07,2025-01-05 13:25:01,2025-01-06 18:40:43,52750,ANA PAULA COSTA OLIVEIRA,2,0.0,33,42,2,4,3,,,326689,DESCRICAO,Descrição do campo DESCRICAO,0.0,327773.0,3,Presencial,,,,,FLX_ALVARÁ_DE_FUNCIONAMENTO,2,ALVARÁ DE FUNCIONAMENTO
529831,1513876,20410,CADASTRO,14579,FOR_INSCRICAO_PROGRAMA_BD,2024-04-11 10:23:19,2025-02-11 09:15:13,2025-02-12 14:30:55,50765,MARIA FERNANDA SANTOS PERES,2,0.0,49,3,17,3,1,,,326907,INFORMACOES,Descrição do campo INFORMACOES,0.0,327646.0,6,Rejeitado,,,,,FLX_ALVARÁ_DE_FUNCIONAMENTO,2,ALVARÁ DE FUNCIONAMENTO
528795,1511022,20410,CADASTRO,14572,FOR_CERTIDAO_BD_CADASTRO,2024-10-30 15:44:53,2025-09-01 14:36:47,2025-09-02 19:52:29,50783,MARIA FERNANDA SANTOS PERES,2,0.0,29,3,11,3,2,,,326995,INFORMACOES,Descrição do campo INFORMACOES,0.0,,7,Sim,,,,,FLX_ALVARÁ_DE_FUNCIONAMENTO,2,ALVARÁ DE FUNCIONAMENTO
524328,1514088,20410,CADASTRO,14571,FOR_INSCRICAO_PROGRAMA_BD,2024-10-05 12:03:41,2025-08-07 10:55:35,2025-08-08 16:11:17,50845,MARIA FERNANDA SANTOS PERES,2,0.0,24,9,20,4,1,,,327440,INFORMACOES,Descrição do campo INFORMACOES,0.0,,4,Pendente,,,,,FLX_ALVARÁ_DE_FUNCIONAMENTO,2,ALVARÁ DE FUNCIONAMENTO
524019,1511708,20410,CADASTRO,14580,FOR_CERTIDAO_BD_CADASTRO,2024-11-25 18:12:18,2025-09-27 17:04:12,2025-09-28 22:19:54,51845,JOÃO CARLOS SILVA,2,0.0,52,45,15,2,2,,,327215,INFORMACOES,Descrição do campo INFORMACOES,0.0,327892.0,1,Aprovado,,,,,FLX_ALVARÁ_DE_FUNCIONAMENTO,2,ALVARÁ DE FUNCIONAMENTO
525353,1511765,20410,CADASTRO,14573,FOR_CERTIDAO_BD_CADASTRO,2024-04-07 12:13:49,2025-02-07 11:05:43,2025-02-08 16:21:25,52189,ANA PAULA COSTA OLIVEIRA,2,0.0,44,13,19,1,2,,,327162,TAXA,Descrição do campo TAXA,0.0,327612.0,1,Presencial,,,,,FLX_ALVARÁ_DE_FUNCIONAMENTO,2,ALVARÁ DE FUNCIONAMENTO
527402,1514155,20410,CADASTRO,14574,FOR_LICENCIAMENTO_BD_CADASTRO,2024-02-15 13:42:47,2024-12-17 12:34:41,2024-12-18 17:50:23,50662,MARIA FERNANDA SANTOS PERES,2,0.0,16,8,4,4,2,,,326548,RETORNO,Descrição do campo RETORNO,0.0,,7,Pendente,,,,,FLX_ALVARÁ_DE_FUNCIONAMENTO,2,ALVARÁ DE FUNCIONAMENTO
527316,1512091,20410,CADASTRO,14576,FOR_CERTIDAO_BD_CADASTRO,2024-07-23 09:19:35,2025-05-25 08:11:29,2025-05-26 13:27:11,52585,ANA PAULA COSTA OLIVEIRA,2,0.0,60,44,10,4,3,,,326820,RETORNO,Descrição do campo RETORNO,0.0,327882.0,9,Não se aplica,,,,,FLX_ALVARÁ_DE_FUNCIONAMENTO,2,ALVARÁ DE FUNCIONAMENTO
520844,1514749,20410,CADASTRO,14572,FOR_CERTIDAO_BD_CADASTRO,2024-02-28 10:08:34,2024-12-30 09:00:28,2024-12-31 14:16:10,51772,JOÃO CARLOS SILVA,2,0.0,33,29,2,5,1,,,327475,LOG_DATAHORA,Descrição do campo LOG_DATAHORA,0.0,,7,Aprovado,,,,,FLX_ALVARÁ_DE_FUNCIONAMENTO,2,ALVARÁ DE FUNCIONAMENTO
527390,1514624,20410,CADASTRO,14573,FOR_LICENCIAMENTO_BD_CADASTRO,2024-03-24 08:18:38,2025-01-24 07:10:32,2025-01-25 12:26:14,52310,ANA PAULA COSTA OLIVEIRA,2,0.0,22,28,15,3,2,,,326897,LOG_DATAHORA,Descrição do campo LOG_DATAHORA,0.0,,6,Rejeitado,,,,,FLX_ALVARÁ_DE_FUNCIONAMENTO,2,ALVARÁ DE FUNCIONAMENTO
528101,1511521,20410,CADASTRO,14575,FOR_CERTIDAO_BD_CADASTRO,2024-12-03 09:19:25,2025-10-05 08:11:19,2025-10-06 13:27:01,51196,JOÃO CARLOS SILVA,2,0.0,40,34,3,1,1,,,326569,LOG_DATAHORA,Descrição do campo LOG_DATAHORA,0.0,327533.0,5,Não se aplica,,,,,FLX_ALVARÁ_DE_FUNCIONAMENTO,2,ALVARÁ DE FUNCIONAMENTO
529549,1512197,20410,CADASTRO,14578,FOR_INSCRICAO_PROGRAMA_BD,2024-10-09 15:57:32,2025-08-11 14:49:26,2025-08-12 20:05:08,52228,ANA PAULA COSTA OLIVEIRA,2,0.0,40,2,18,2,2,,,327447,LOG_DATAHORA,Descrição do campo LOG_DATAHORA,0.0,327784.0,8,Pendente,,,,,FLX_ALVARÁ_DE_FUNCIONAMENTO,2,ALVARÁ DE FUNCIONAMENTO
521096,1513047,20410,CADASTRO,14580,FOR_INSCRICAO_PROGRAMA_BD,2024-11-24 14:05:27,2025-09-26 12:57:21,2025-09-27 18:13:03,52721,ANA PAULA COSTA OLIVEIRA,2,0.0,58,35,12,2,3,,,326723,PESSOA_FISICA,Descrição do campo PESSOA_FISICA,0.0,,10,2024-01-15,,,,,FLX_ALVARÁ_DE_FUNCIONAMENTO,2,ALVARÁ DE FUNCIONAMENTO
528242,1512710,20410,CADASTRO,14579,FOR_CERTIDAO_BD_CADASTRO,2024-04-30 18:53:44,2025-03-02 17:45:38,2025-03-03 23:01:20,52529,ANA PAULA COSTA OLIVEIRA,2,0.0,28,28,10,3,2,,,327207,PESSOA_FISICA,Descrição do campo PESSOA_FISICA,0.0,,1,30 minutos,,,,,FLX_ALVARÁ_DE_FUNCIONAMENTO,2,ALVARÁ DE FUNCIONAMENTO
523908,1513584,20410,CADASTRO,14577,FOR_INSCRICAO_PROGRAMA_BD,2024-03-22 12:23:09,2025-01-22 11:15:03,2025-01-23 16:30:45,51656,JOÃO CARLOS SILVA,2,0.0,26,31,16,4,3,,,326728,PESSOA_FISICA,Descrição do campo PESSOA_FISICA,0.0,,10,Não se aplica,,,,,FLX_ALVARÁ_DE_FUNCIONAMENTO,2,ALVARÁ DE FUNCIONAMENTO
527413,1513068,20410,CADASTRO,14576,FOR_CERTIDAO_BD_CADASTRO,2024-02-20 14:17:02,2024-12-22 13:08:56,2024-12-23 18:24:38,50107,MARIA FERNANDA SANTOS PERES,2,0.0,56,21,15,2,1,,,326941,PESSOA_FISICA,Descrição do campo PESSOA_FISICA,0.0,,6,"Público - (público em geral, incluindo cidadãos e empresas)",,,,,FLX_ALVARÁ_DE_FUNCIONAMENTO,2,ALVARÁ DE FUNCIONAMENTO
522419,1510749,20410,CADASTRO,14577,FOR_INSCRICAO_PROGRAMA_BD,2024-03-15 14:26:46,2025-01-15 13:18:40,2025-01-16 18:34:22,50323,MARIA FERNANDA SANTOS PERES,2,0.0,2,31,7,3,2,,,326577,PESSOA_FISICA,Descrição do campo PESSOA_FISICA,0.0,,8,"Público - (público em geral, incluindo cidadãos e empresas)",,,,,FLX_ALVARÁ_DE_FUNCIONAMENTO,2,ALVARÁ DE FUNCIONAMENTO
529568,1512896,20410,CADASTRO,14573,FOR_LICENCIAMENTO_BD_CADASTRO,2024-07-26 13:45:05,2025-05-28 12:36:59,2025-05-29 17:52:41,52132,ANA PAULA COSTA OLIVEIRA,2,0.0,12,15,6,3,1,,,326727,LEGISLACAO,Descrição do campo LEGISLACAO,0.0,327952.0,3,Pendente,,,,,FLX_ALVARÁ_DE_FUNCIONAMENTO,2,ALVARÁ DE FUNCIONAMENTO
527878,1513801,20410,CADASTRO,14571,FOR_INSCRICAO_PROGRAMA_BD,2024-07-13 10:10:11,2025-05-15 09:02:05,2025-05-16 14:17:47,51498,JOÃO CARLOS SILVA,2,0.0,14,13,14,2,1,,,326628,LOG_USUARIO,Descrição do campo LOG_USUARIO,0.0,,8,Rejeitado,,,,,FLX_ALVARÁ_DE_FUNCIONAMENTO,2,ALVARÁ DE FUNCIONAMENTO
527873,1514987,20410,CADASTRO,14580,FOR_CERTIDAO_BD_CADASTRO,2024-06-26 17:41:12,2025-04-28 16:33:06,2025-04-29 21:48:48,52160,ANA PAULA COSTA OLIVEIRA,2,0.0,48,39,15,5,2,,,327121,LOG_USUARIO,Descrição do campo LOG_USUARIO,0.0,327535.0,9,Não,,,,,FLX_ALVARÁ_DE_FUNCIONAMENTO,2,ALVARÁ DE FUNCIONAMENTO
524626,1511248,20410,CADASTRO,14580,FOR_INSCRICAO_PROGRAMA_BD,2024-10-21 17:29:04,2025-08-23 16:20:58,2025-08-24 21:36:40,50475,MARIA FERNANDA SANTOS PERES,2,0.0,38,20,1,4,1,,,327134,LOG_USUARIO,Descrição do campo LOG_USUARIO,0.0,327673.0,6,"Público - (público em geral, incluindo cidadãos e empresas)",,,,,FLX_ALVARÁ_DE_FUNCIONAMENTO,2,ALVARÁ DE FUNCIONAMENTO
529568,1512143,20410,CADASTRO,14573,FOR_LICENCIAMENTO_BD_CADASTRO,2024-02-07 18:40:38,2024-12-09 17:32:32,2024-12-10 22:48:14,51536,JOÃO CARLOS SILVA,2,0.0,56,1,17,2,3,,,327227,UORG_ENTIDADE_SUB,Descrição do campo UORG_ENTIDADE_SUB,0.0,327985.0,8,Não se aplica,,,,,FLX_ALVARÁ_DE_FUNCIONAMENTO,2,ALVARÁ DE FUNCIONAMENTO
527856,1514207,20410,CADASTRO,14577,FOR_CERTIDAO_BD_CADASTRO,2024-11-12 14:56:25,2025-09-14 13:48:19,2025-09-15 19:04:01,52304,ANA PAULA COSTA OLIVEIRA,2,0.0,24,45,17,2,3,,,326963,LOG_SERVICO,Descrição do campo LOG_SERVICO,0.0,327594.0,4,"Público - (público em geral, incluindo cidadãos e empresas)",,,,,FLX_ALVARÁ_DE_FUNCIONAMENTO,2,ALVARÁ DE FUNCIONAMENTO
521178,1510394,20410,CADASTRO,14579,FOR_LICENCIAMENTO_BD_CADASTRO,2024-02-21 09:53:31,2024-12-23 08:45:25,2024-12-24 14:01:07,52733,ANA PAULA COSTA OLIVEIRA,2,0.0,57,17,7,5,1,,,326910,LOG_SERVICO,Descrição do campo LOG_SERVICO,0.0,327077.0,4,2024-01-15,,,,,FLX_ALVARÁ_DE_FUNCIONAMENTO,2,ALVARÁ DE FUNCIONAMENTO
527421,1510174,20410,CADASTRO,14573,FOR_LICENCIAMENTO_BD_CADASTRO,2024-12-28 17:43:50,2025-10-30 16:35:44,2025-10-31 21:51:26,52645,ANA PAULA COSTA OLIVEIRA,2,0.0,19,34,4,2,1,,,326685,INSTRUCOES,Descrição do campo INSTRUCOES,0.0,,2,Valor_INSTRUCOES_0,,,,,FLX_ALVARÁ_DE_FUNCIONAMENTO,2,ALVARÁ DE FUNCIONAMENTO
524653,1512898,20390,APROVAÇÃO,14576,FOR_LICENCIAMENTO_BD_CADASTRO,2024-06-19 14:36:25,2025-04-21 13:28:19,2025-04-22 18:44:01,52089,ANA PAULA COSTA OLIVEIRA,2,0.0,19,10,15,3,3,,,327197,UORG_ENTIDADE_SUB,Descrição do campo UORG_ENTIDADE_SUB,0.0,,8,Valor_UORG_ENTIDADE_SUB_0,,,,,FLX_ALVARÁ_DE_FUNCIONAMENTO,2,ALVARÁ DE FUNCIONAMENTO
521430,1510549,20390,APROVAÇÃO,14575,FOR_INSCRICAO_PROGRAMA_BD,2024-11-11 10:31:44,2025-09-13 09:23:38,2025-09-14 14:39:20,52299,ANA PAULA COSTA OLIVEIRA,2,0.0,21,23,11,1,2,,,326881,UORG_ENTIDADE_SUB,Descrição do campo UORG_ENTIDADE_SUB,0.0,327818.0,10,Valor_UORG_ENTIDADE_SUB_1,,,,,FLX_ALVARÁ_DE_FUNCIONAMENTO,2,ALVARÁ DE FUNCIONAMENTO
526193,1512820,20390,APROVAÇÃO,14573,FOR_INSCRICAO_PROGRAMA_BD,2024-10-16 13:35:59,2025-08-18 12:27:53,2025-08-19 17:43:35,51172,JOÃO CARLOS SILVA,2,0.0,10,45,1,5,3,,,326916,UORG_ENTIDADE_SUB,Descrição do campo UORG_ENTIDADE_SUB,0.0,327427.0,4,Sim,,,,,FLX_ALVARÁ_DE_FUNCIONAMENTO,2,ALVARÁ DE FUNCIONAMENTO
522059,1511368,20390,APROVAÇÃO,14579,FOR_INSCRICAO_PROGRAMA_BD,2024-04-21 16:01:38,2025-02-21 14:53:32,2025-02-22 20:09:14,52424,ANA PAULA COSTA OLIVEIRA,2,0.0,2,22,9,2,3,,,326661,UORG_ENTIDADE_SUB,Descrição do campo UORG_ENTIDADE_SUB,0.0,,8,"Público - (público em geral, incluindo cidadãos e empresas)",,,,,FLX_ALVARÁ_DE_FUNCIONAMENTO,2,ALVARÁ DE FUNCIONAMENTO
528694,1514153,20390,APROVAÇÃO,14572,FOR_INSCRICAO_PROGRAMA_BD,2024-11-16 13:59:51,2025-09-18 12:51:45,2025-09-19 18:07:27,50251,MARIA FERNANDA SANTOS PERES,2,0.0,28,22,2,4,1,,,327015,UORG_ENTIDADE_SUB,Descrição do campo UORG_ENTIDADE_SUB,0.0,,1,Não se aplica,,,,,FLX_ALVARÁ_DE_FUNCIONAMENTO,2,ALVARÁ DE FUNCIONAMENTO
523571,1510321,20390,APROVAÇÃO,14574,FOR_CERTIDAO_BD_CADASTRO,2024-07-22 14:18:16,2025-05-24 13:10:10,2025-05-25 18:25:52,52961,ANA PAULA COSTA OLIVEIRA,2,0.0,4,41,5,1,2,,,326712,PESSOA_FISICA,Descrição do campo PESSOA_FISICA,0.0,,8,Online,,,,,FLX_ALVARÁ_DE_FUNCIONAMENTO,2,ALVARÁ DE FUNCIONAMENTO
527137,1512402,20390,APROVAÇÃO,14572,FOR_INSCRICAO_PROGRAMA_BD,2024-10-01 18:32:36,2025-08-03 17:24:30,2025-08-04 22:40:12,50286,MARIA FERNANDA SANTOS PERES,2,0.0,56,12,15,5,2,,,327387,PESSOA_FISICA,Descrição do campo PESSOA_FISICA,0.0,,6,Aprovado,,,,,FLX_ALVARÁ_DE_FUNCIONAMENTO,2,ALVARÁ DE FUNCIONAMENTO
522512,1514302,20390,APROVAÇÃO,14579,FOR_INSCRICAO_PROGRAMA_BD,2024-10-16 11:23:43,2025-08-18 10:15:37,2025-08-19 15:31:19,51618,JOÃO CARLOS SILVA,2,0.0,32,49,0,4,2,,,327145,PESSOA_FISICA,Descrição do campo PESSOA_FISICA,0.0,,1,30 minutos,,,,,FLX_ALVARÁ_DE_FUNCIONAMENTO,2,ALVARÁ DE FUNCIONAMENTO
527204,1512390,20390,APROVAÇÃO,14576,FOR_CERTIDAO_BD_CADASTRO,2024-11-24 13:39:27,2025-09-26 12:31:21,2025-09-27 17:47:03,52010,ANA PAULA COSTA OLIVEIRA,2,0.0,2,13,3,3,2,,,326846,PESSOA_FISICA,Descrição do campo PESSOA_FISICA,0.0,,4,"Público - (público em geral, incluindo cidadãos e empresas)",,,,,FLX_ALVARÁ_DE_FUNCIONAMENTO,2,ALVARÁ DE FUNCIONAMENTO
522131,1510176,20390,APROVAÇÃO,14571,FOR_INSCRICAO_PROGRAMA_BD,2024-07-15 17:18:48,2025-05-17 16:10:42,2025-05-18 21:26:24,52493,ANA PAULA COSTA OLIVEIRA,2,0.0,44,17,3,1,1,,,327442,INFORMACOES,Descrição do campo INFORMACOES,0.0,327182.0,4,Presencial,,,,,FLX_ALVARÁ_DE_FUNCIONAMENTO,2,ALVARÁ DE FUNCIONAMENTO
525448,1513099,20390,APROVAÇÃO,14579,FOR_INSCRICAO_PROGRAMA_BD,2024-11-01 13:50:04,2025-09-03 12:41:58,2025-09-04 17:57:40,50728,MARIA FERNANDA SANTOS PERES,2,0.0,29,33,13,3,1,,,326703,SINONIMOS,Descrição do campo SINONIMOS,0.0,,6,Sim,,,,,FLX_ALVARÁ_DE_FUNCIONAMENTO,2,ALVARÁ DE FUNCIONAMENTO
522174,1512825,20390,APROVAÇÃO,14577,FOR_CERTIDAO_BD_CADASTRO,2024-11-22 12:19:28,2025-09-24 11:11:22,2025-09-25 16:27:04,52037,ANA PAULA COSTA OLIVEIRA,2,0.0,40,25,8,2,2,,,327481,SINONIMOS,Descrição do campo SINONIMOS,0.0,,2,Não,,,,,FLX_ALVARÁ_DE_FUNCIONAMENTO,2,ALVARÁ DE FUNCIONAMENTO
524376,1511687,20390,APROVAÇÃO,14574,FOR_CERTIDAO_BD_CADASTRO,2024-03-18 08:37:35,2025-01-18 07:29:29,2025-01-19 12:45:11,50704,MARIA FERNANDA SANTOS PERES,2,0.0,24,17,2,4,2,,,327034,SINONIMOS,Descrição do campo SINONIMOS,0.0,,7,Sim,,,,,FLX_ALVARÁ_DE_FUNCIONAMENTO,2,ALVARÁ DE FUNCIONAMENTO
527658,1512525,20390,APROVAÇÃO,14578,FOR_CERTIDAO_BD_CADASTRO,2024-04-03 10:47:40,2025-02-03 09:39:34,2025-02-04 14:55:16,52780,ANA PAULA COSTA OLIVEIRA,2,0.0,44,24,8,4,2,,,327391,SERVICO,Descrição do campo SERVICO,0.0,327898.0,6,Não se aplica,,,,,FLX_ALVARÁ_DE_FUNCIONAMENTO,2,ALVARÁ DE FUNCIONAMENTO
524020,1510160,20390,APROVAÇÃO,14580,FOR_LICENCIAMENTO_BD_CADASTRO,2024-07-11 17:30:32,2025-05-13 16:22:26,2025-05-14 21:38:08,50621,MARIA FERNANDA SANTOS PERES,2,0.0,16,43,20,5,2,,,327024,SERVICO,Descrição do campo SERVICO,0.0,,1,Rejeitado,,,,,FLX_ALVARÁ_DE_FUNCIONAMENTO,2,ALVARÁ DE FUNCIONAMENTO
526852,1513246,20390,APROVAÇÃO,14579,FOR_CERTIDAO_BD_CADASTRO,2024-07-18 16:02:42,2025-05-20 14:54:36,2025-05-21 20:10:18,52442,ANA PAULA COSTA OLIVEIRA,2,0.0,5,42,9,2,1,,,327310,LEGISLACAO,Descrição do campo LEGISLACAO,0.0,,2,Presencial,,,,,FLX_ALVARÁ_DE_FUNCIONAMENTO,2,ALVARÁ DE FUNCIONAMENTO
526660,1512777,20390,APROVAÇÃO,14574,FOR_INSCRICAO_PROGRAMA_BD,2024-06-25 13:22:46,2025-04-27 12:14:40,2025-04-28 17:30:22,51085,JOÃO CARLOS SILVA,2,0.0,47,6,6,4,1,,,327383,LEGISLACAO,Descrição do campo LEGISLACAO,0.0,,5,"Público - (público em geral, incluindo cidadãos e empresas)",,,,,FLX_ALVARÁ_DE_FUNCIONAMENTO,2,ALVARÁ DE FUNCIONAMENTO
525730,1512903,20390,APROVAÇÃO,14573,FOR_LICENCIAMENTO_BD_CADASTRO,2024-12-18 10:39:56,2025-10-20 09:31:50,2025-10-21 14:47:32,52776,ANA PAULA COSTA OLIVEIRA,2,0.0,3,44,2,3,2,,,326591,LEGISLACAO,Descrição do campo LEGISLACAO,0.0,,3,Sim,,,,,FLX_ALVARÁ_DE_FUNCIONAMENTO,2,ALVARÁ DE FUNCIONAMENTO
525073,1510293,20390,APROVAÇÃO,14578,FOR_LICENCIAMENTO_BD_CADASTRO,2024-10-04 08:15:26,2025-08-06 07:07:20,2025-08-07 12:23:02,50779,MARIA FERNANDA SANTOS PERES,2,0.0,6,16,2,3,3,,,327151,LEGISLACAO,Descrição do campo LEGISLACAO,0.0,,5,Sim,,,,,FLX_ALVARÁ_DE_FUNCIONAMENTO,2,ALVARÁ DE FUNCIONAMENTO
526733,1513762,20390,APROVAÇÃO,14573,FOR_INSCRICAO_PROGRAMA_BD,2024-07-03 13:06:35,2025-05-05 11:58:29,2025-05-06 17:14:11,51522,JOÃO CARLOS SILVA,2,0.0,14,24,19,1,1,,,327097,LOG_USUARIO,Descrição do campo LOG_USUARIO,0.0,,4,,,,,,FLX_ALVARÁ_DE_FUNCIONAMENTO,2,ALVARÁ DE FUNCIONAMENTO
528349,1512682,20390,APROVAÇÃO,14573,FOR_CERTIDAO_BD_CADASTRO,2024-10-05 15:28:39,2025-08-07 14:20:33,2025-08-08 19:36:15,52833,ANA PAULA COSTA OLIVEIRA,2,0.0,25,15,19,2,2,,,326925,LOG_USUARIO,Descrição do campo LOG_USUARIO,0.0,327357.0,8,Online,,,,,FLX_ALVARÁ_DE_FUNCIONAMENTO,2,ALVARÁ DE FUNCIONAMENTO
524963,1510344,20390,APROVAÇÃO,14578,FOR_CERTIDAO_BD_CADASTRO,2024-04-07 16:07:22,2025-02-07 14:59:16,2025-02-08 20:14:58,50006,MARIA FERNANDA SANTOS PERES,2,0.0,58,31,7,1,2,,,326730,LOG_USUARIO,Descrição do campo LOG_USUARIO,0.0,,6,,,,,,FLX_ALVARÁ_DE_FUNCIONAMENTO,2,ALVARÁ DE FUNCIONAMENTO
523864,1511594,20390,APROVAÇÃO,14576,FOR_CERTIDAO_BD_CADASTRO,2024-12-06 15:33:24,2025-10-08 14:25:18,2025-10-09 19:41:00,51188,JOÃO CARLOS SILVA,2,0.0,5,18,5,5,1,,,327423,RETORNO,Descrição do campo RETORNO,0.0,327716.0,5,Valor_RETORNO_0,,,,,FLX_ALVARÁ_DE_FUNCIONAMENTO,2,ALVARÁ DE FUNCIONAMENTO
520854,1511901,20390,APROVAÇÃO,14571,FOR_CERTIDAO_BD_CADASTRO,2024-02-23 16:26:37,2024-12-25 15:18:31,2024-12-26 20:34:13,51872,JOÃO CARLOS SILVA,2,0.0,52,32,18,4,2,,,327426,RETORNO,Descrição do campo RETORNO,0.0,,2,30 minutos,,,,,FLX_ALVARÁ_DE_FUNCIONAMENTO,2,ALVARÁ DE FUNCIONAMENTO
522944,1511171,20390,APROVAÇÃO,14579,FOR_INSCRICAO_PROGRAMA_BD,2024-04-03 14:55:47,2025-02-03 13:47:41,2025-02-04 19:03:23,52216,ANA PAULA COSTA OLIVEIRA,2,0.0,45,1,3,2,1,,,326938,RETORNO,Descrição do campo RETORNO,0.0,,8,Não,,,,,FLX_ALVARÁ_DE_FUNCIONAMENTO,2,ALVARÁ DE FUNCIONAMENTO
529668,1511517,20390,APROVAÇÃO,14573,FOR_CERTIDAO_BD_CADASTRO,2024-04-14 10:08:24,2025-02-14 09:00:18,2025-02-15 14:16:00,52847,ANA PAULA COSTA OLIVEIRA,2,0.0,32,36,14,2,3,,,327012,RETORNO,Descrição do campo RETORNO,0.0,,3,Não se aplica,,,,,FLX_ALVARÁ_DE_FUNCIONAMENTO,2,ALVARÁ DE FUNCIONAMENTO
522172,1512713,20390,APROVAÇÃO,14571,FOR_LICENCIAMENTO_BD_CADASTRO,2024-04-18 11:32:35,2025-02-18 10:24:29,2025-02-19 15:40:11,50869,MARIA FERNANDA SANTOS PERES,2,0.0,48,23,15,5,2,,,327004,PESSOA_JURIDICA,Descrição do campo PESSOA_JURIDICA,0.0,,4,,,,,,FLX_ALVARÁ_DE_FUNCIONAMENTO,2,ALVARÁ DE FUNCIONAMENTO
521582,1512664,20390,APROVAÇÃO,14578,FOR_LICENCIAMENTO_BD_CADASTRO,2024-10-30 08:26:03,2025-09-01 07:17:57,2025-09-02 12:33:39,50304,MARIA FERNANDA SANTOS PERES,2,0.0,37,38,18,4,2,,,326762,PESSOA_JURIDICA,Descrição do campo PESSOA_JURIDICA,0.0,,5,Rejeitado,,,,,FLX_ALVARÁ_DE_FUNCIONAMENTO,2,ALVARÁ DE FUNCIONAMENTO
525319,1513080,20390,APROVAÇÃO,14573,FOR_CERTIDAO_BD_CADASTRO,2024-12-16 08:23:35,2025-10-18 07:15:29,2025-10-19 12:31:11,50870,MARIA FERNANDA SANTOS PERES,2,0.0,49,33,12,3,3,,,326545,PESSOA_JURIDICA,Descrição do campo PESSOA_JURIDICA,0.0,,8,Online,,,,,FLX_ALVARÁ_DE_FUNCIONAMENTO,2,ALVARÁ DE FUNCIONAMENTO
525141,1510085,20390,APROVAÇÃO,14572,FOR_LICENCIAMENTO_BD_CADASTRO,2024-10-01 17:22:15,2025-08-03 16:14:09,2025-08-04 21:29:51,51843,JOÃO CARLOS SILVA,2,0.0,26,9,4,3,3,,,327384,PESSOA_JURIDICA,Descrição do campo PESSOA_JURIDICA,0.0,,4,Sim,,,,,FLX_ALVARÁ_DE_FUNCIONAMENTO,2,ALVARÁ DE FUNCIONAMENTO
527273,1513827,20390,APROVAÇÃO,14575,FOR_LICENCIAMENTO_BD_CADASTRO,2024-04-22 12:02:14,2025-02-22 10:54:08,2025-02-23 16:09:50,50398,MARIA FERNANDA SANTOS PERES,2,0.0,58,47,17,5,1,,,326842,ETAPAS,Descrição do campo ETAPAS,0.0,327180.0,7,"Público - (público em geral, incluindo cidadãos e empresas)",,,,,FLX_ALVARÁ_DE_FUNCIONAMENTO,2,ALVARÁ DE FUNCIONAMENTO
520803,1513689,20390,APROVAÇÃO,14577,FOR_LICENCIAMENTO_BD_CADASTRO,2024-10-19 14:11:42,2025-08-21 13:03:36,2025-08-22 18:19:18,51415,JOÃO CARLOS SILVA,2,0.0,19,38,12,5,3,,,326942,ETAPAS,Descrição do campo ETAPAS,0.0,,2,Online,,,,,FLX_ALVARÁ_DE_FUNCIONAMENTO,2,ALVARÁ DE FUNCIONAMENTO
527621,1511617,20390,APROVAÇÃO,14576,FOR_INSCRICAO_PROGRAMA_BD,2024-07-12 18:46:15,2025-05-14 17:38:09,2025-05-15 22:53:51,50125,MARIA FERNANDA SANTOS PERES,2,0.0,50,19,18,5,3,,,327210,ETAPAS,Descrição do campo ETAPAS,0.0,327263.0,7,Presencial,,,,,FLX_ALVARÁ_DE_FUNCIONAMENTO,2,ALVARÁ DE FUNCIONAMENTO
527391,1514690,20390,APROVAÇÃO,14578,FOR_CERTIDAO_BD_CADASTRO,2024-03-31 17:02:46,2025-01-31 15:54:40,2025-02-01 21:10:22,50858,MARIA FERNANDA SANTOS PERES,2,0.0,44,38,9,1,2,,,327222,CONSUMIDOR,Descrição do campo CONSUMIDOR,0.0,,10,,,,,,FLX_ALVARÁ_DE_FUNCIONAMENTO,2,ALVARÁ DE FUNCIONAMENTO
529966,1514690,20390,APROVAÇÃO,14572,FOR_CERTIDAO_BD_CADASTRO,2024-11-10 16:25:52,2025-09-12 15:17:46,2025-09-13 20:33:28,51705,JOÃO CARLOS SILVA,2,0.0,50,37,13,5,2,,,327202,CONSUMIDOR,Descrição do campo CONSUMIDOR,0.0,,4,"Público - (público em geral, incluindo cidadãos e empresas)",,,,,FLX_ALVARÁ_DE_FUNCIONAMENTO,2,ALVARÁ DE FUNCIONAMENTO
528190,1510502,20390,APROVAÇÃO,14572,FOR_LICENCIAMENTO_BD_CADASTRO,2024-04-09 08:11:17,2025-02-09 07:03:11,2025-02-10 12:18:53,50601,MARIA FERNANDA SANTOS PERES,2,0.0,40,26,14,2,3,,,326786,CONSUMIDOR,Descrição do campo CONSUMIDOR,0.0,327859.0,6,Presencial,,,,,FLX_ALVARÁ_DE_FUNCIONAMENTO,2,ALVARÁ DE FUNCIONAMENTO
528771,1510235,20390,APROVAÇÃO,14575,FOR_LICENCIAMENTO_BD_CADASTRO,2024-12-29 15:05:51,2025-10-31 13:57:45,2025-11-01 19:13:27,50421,MARIA FERNANDA SANTOS PERES,2,0.0,5,20,0,1,2,,,327206,CONSUMIDOR,Descrição do campo CONSUMIDOR,0.0,,10,Não,,,,,FLX_ALVARÁ_DE_FUNCIONAMENTO,2,ALVARÁ DE FUNCIONAMENTO
523828,1512783,20390,APROVAÇÃO,14576,FOR_INSCRICAO_PROGRAMA_BD,2024-02-16 09:06:15,2024-12-18 07:58:09,2024-12-19 13:13:51,51056,JOÃO CARLOS SILVA,2,0.0,23,16,7,3,3,,,327135,REQUISITOS,Descrição do campo REQUISITOS,0.0,,5,30 minutos,,,,,FLX_ALVARÁ_DE_FUNCIONAMENTO,2,ALVARÁ DE FUNCIONAMENTO
521173,1510124,20390,APROVAÇÃO,14573,FOR_INSCRICAO_PROGRAMA_BD,2024-02-27 18:23:06,2024-12-29 17:15:00,2024-12-30 22:30:42,50854,MARIA FERNANDA SANTOS PERES,2,0.0,49,11,3,2,1,,,327347,CATEGORIA,Descrição do campo CATEGORIA,0.0,327153.0,8,Online,,,,,FLX_ALVARÁ_DE_FUNCIONAMENTO,2,ALVARÁ DE FUNCIONAMENTO
527840,1512569,20390,APROVAÇÃO,14572,FOR_INSCRICAO_PROGRAMA_BD,2024-02-20 11:41:04,2024-12-22 10:32:58,2024-12-23 15:48:40,50725,MARIA FERNANDA SANTOS PERES,2,0.0,27,8,6,5,2,,,327440,CATEGORIA,Descrição do campo CATEGORIA,0.0,,5,Pendente,,,,,FLX_ALVARÁ_DE_FUNCIONAMENTO,2,ALVARÁ DE FUNCIONAMENTO
525514,1510811,20390,APROVAÇÃO,14576,FOR_LICENCIAMENTO_BD_CADASTRO,2024-07-05 08:28:06,2025-05-07 07:20:00,2025-05-08 12:35:42,51016,JOÃO CARLOS SILVA,2,0.0,36,46,11,5,2,,,326592,CATEGORIA,Descrição do campo CATEGORIA,0.0,,10,2024-01-15,,,,,FLX_ALVARÁ_DE_FUNCIONAMENTO,2,ALVARÁ DE FUNCIONAMENTO
527904,1511797,20400,CADASTRO,14573,FOR_INSCRICAO_PROGRAMA_BD,2024-03-24 09:30:28,2025-01-24 08:22:22,2025-01-25 13:38:04,51941,JOÃO CARLOS SILVA,2,0.0,41,22,14,3,3,,,326751,LOG_DATAHORA,Descrição do campo LOG_DATAHORA,0.0,,1,2024-01-15,,,,,FLX_ALVARÁ_DE_FUNCIONAMENTO,2,ALVARÁ DE FUNCIONAMENTO
529345,1514308,20400,CADASTRO,14576,FOR_INSCRICAO_PROGRAMA_BD,2024-12-22 13:42:22,2025-10-24 12:34:16,2025-10-25 17:49:58,50454,MARIA FERNANDA SANTOS PERES,2,0.0,4,14,13,1,3,,,326674,LOG_DATAHORA,Descrição do campo LOG_DATAHORA,0.0,,1,2024-01-15,,,,,FLX_ALVARÁ_DE_FUNCIONAMENTO,2,ALVARÁ DE FUNCIONAMENTO
527504,1512736,20400,CADASTRO,14576,FOR_INSCRICAO_PROGRAMA_BD,2024-07-12 12:41:44,2025-05-14 11:33:38,2025-05-15 16:49:20,51206,JOÃO CARLOS SILVA,2,0.0,9,18,17,3,1,,,326892,LOG_DATAHORA,Descrição do campo LOG_DATAHORA,0.0,327260.0,8,Presencial,,,,,FLX_ALVARÁ_DE_FUNCIONAMENTO,2,ALVARÁ DE FUNCIONAMENTO
524723,1510277,20400,CADASTRO,14578,FOR_LICENCIAMENTO_BD_CADASTRO,2024-02-10 18:26:07,2024-12-12 17:18:01,2024-12-13 22:33:43,51924,JOÃO CARLOS SILVA,2,0.0,41,28,15,2,1,,,326990,LOG_DATAHORA,Descrição do campo LOG_DATAHORA,0.0,,9,,,,,,FLX_ALVARÁ_DE_FUNCIONAMENTO,2,ALVARÁ DE FUNCIONAMENTO
522560,1510969,20400,CADASTRO,14578,FOR_INSCRICAO_PROGRAMA_BD,2024-06-19 08:22:32,2025-04-21 07:14:26,2025-04-22 12:30:08,50582,MARIA FERNANDA SANTOS PERES,2,0.0,35,10,20,2,3,,,326678,AREA_RESPONSAVEL,Descrição do campo AREA_RESPONSAVEL,0.0,327601.0,6,Rejeitado,,,,,FLX_ALVARÁ_DE_FUNCIONAMENTO,2,ALVARÁ DE FUNCIONAMENTO
523176,1514159,20400,CADASTRO,14573,FOR_LICENCIAMENTO_BD_CADASTRO,2024-12-12 16:51:47,2025-10-14 15:43:41,2025-10-15 20:59:23,51050,JOÃO CARLOS SILVA,2,0.0,34,17,12,4,2,,,327026,LOG_USUARIO,Descrição do campo LOG_USUARIO,0.0,,10,Presencial,,,,,FLX_ALVARÁ_DE_FUNCIONAMENTO,2,ALVARÁ DE FUNCIONAMENTO
520290,1510185,20400,CADASTRO,14575,FOR_INSCRICAO_PROGRAMA_BD,2024-10-25 12:49:24,2025-08-27 11:41:18,2025-08-28 16:57:00,50368,MARIA FERNANDA SANTOS PERES,2,0.0,41,5,16,2,2,,,326715,LEGISLACAO,Descrição do campo LEGISLACAO,0.0,,9,2024-01-15,,,,,FLX_ALVARÁ_DE_FUNCIONAMENTO,2,ALVARÁ DE FUNCIONAMENTO
525400,1513798,20400,CADASTRO,14578,FOR_LICENCIAMENTO_BD_CADASTRO,2024-02-27 11:21:49,2024-12-29 10:13:43,2024-12-30 15:29:25,50263,MARIA FERNANDA SANTOS PERES,2,0.0,60,6,19,3,1,,,327178,LEGISLACAO,Descrição do campo LEGISLACAO,0.0,,7,Presencial,,,,,FLX_ALVARÁ_DE_FUNCIONAMENTO,2,ALVARÁ DE FUNCIONAMENTO
528346,1513911,20400,CADASTRO,14578,FOR_CERTIDAO_BD_CADASTRO,2024-10-08 10:18:27,2025-08-10 09:10:21,2025-08-11 14:26:03,50234,MARIA FERNANDA SANTOS PERES,2,0.0,56,29,14,3,2,,,326823,LEGISLACAO,Descrição do campo LEGISLACAO,0.0,327875.0,6,Presencial,,,,,FLX_ALVARÁ_DE_FUNCIONAMENTO,2,ALVARÁ DE FUNCIONAMENTO
528806,1511461,20400,CADASTRO,14572,FOR_CERTIDAO_BD_CADASTRO,2024-10-17 16:26:10,2025-08-19 15:18:04,2025-08-20 20:33:46,52701,ANA PAULA COSTA OLIVEIRA,2,0.0,45,47,4,1,1,,,326600,LEGISLACAO,Descrição do campo LEGISLACAO,0.0,,2,Presencial,,,,,FLX_ALVARÁ_DE_FUNCIONAMENTO,2,ALVARÁ DE FUNCIONAMENTO
520624,1510883,20400,CADASTRO,14572,FOR_LICENCIAMENTO_BD_CADASTRO,2024-07-02 18:41:21,2025-05-04 17:33:15,2025-05-05 22:48:57,51136,JOÃO CARLOS SILVA,2,0.0,13,14,11,4,1,,,326686,LEGISLACAO,Descrição do campo LEGISLACAO,0.0,,1,Rejeitado,,,,,FLX_ALVARÁ_DE_FUNCIONAMENTO,2,ALVARÁ DE FUNCIONAMENTO
526493,1511648,20400,CADASTRO,14572,FOR_INSCRICAO_PROGRAMA_BD,2024-04-20 09:56:03,2025-02-20 08:47:57,2025-02-21 14:03:39,52490,ANA PAULA COSTA OLIVEIRA,2,0.0,60,36,13,5,2,,,327307,CONSUMIDOR,Descrição do campo CONSUMIDOR,0.0,327189.0,9,Online,,,,,FLX_ALVARÁ_DE_FUNCIONAMENTO,2,ALVARÁ DE FUNCIONAMENTO
523087,1511877,20400,CADASTRO,14576,FOR_INSCRICAO_PROGRAMA_BD,2024-07-28 10:21:05,2025-05-30 09:12:59,2025-05-31 14:28:41,50938,MARIA FERNANDA SANTOS PERES,2,0.0,34,4,13,4,1,,,326702,RETORNO,Descrição do campo RETORNO,0.0,,10,Online,,,,,FLX_ALVARÁ_DE_FUNCIONAMENTO,2,ALVARÁ DE FUNCIONAMENTO
525100,1514744,20400,CADASTRO,14575,FOR_INSCRICAO_PROGRAMA_BD,2024-03-11 17:09:04,2025-01-11 16:00:58,2025-01-12 21:16:40,52023,ANA PAULA COSTA OLIVEIRA,2,0.0,7,50,16,2,3,,,327076,RETORNO,Descrição do campo RETORNO,0.0,,6,Não se aplica,,,,,FLX_ALVARÁ_DE_FUNCIONAMENTO,2,ALVARÁ DE FUNCIONAMENTO
523419,1511795,20400,CADASTRO,14573,FOR_CERTIDAO_BD_CADASTRO,2024-07-24 18:58:38,2025-05-26 17:50:32,2025-05-27 23:06:14,50387,MARIA FERNANDA SANTOS PERES,2,0.0,57,13,8,4,1,,,326898,RETORNO,Descrição do campo RETORNO,0.0,327342.0,10,30 minutos,,,,,FLX_ALVARÁ_DE_FUNCIONAMENTO,2,ALVARÁ DE FUNCIONAMENTO
525033,1512892,20400,CADASTRO,14575,FOR_INSCRICAO_PROGRAMA_BD,2024-06-10 09:41:55,2025-04-12 08:33:49,2025-04-13 13:49:31,51395,JOÃO CARLOS SILVA,2,0.0,22,10,17,3,1,,,327039,LOG_SERVICO,Descrição do campo LOG_SERVICO,0.0,,3,Online,,,,,FLX_ALVARÁ_DE_FUNCIONAMENTO,2,ALVARÁ DE FUNCIONAMENTO
520554,1512687,20400,CADASTRO,14580,FOR_LICENCIAMENTO_BD_CADASTRO,2024-02-23 13:13:28,2024-12-25 12:05:22,2024-12-26 17:21:04,51442,JOÃO CARLOS SILVA,2,0.0,14,32,19,5,2,,,327448,LOG_SERVICO,Descrição do campo LOG_SERVICO,0.0,327422.0,9,Sim,,,,,FLX_ALVARÁ_DE_FUNCIONAMENTO,2,ALVARÁ DE FUNCIONAMENTO
520719,1510596,20400,CADASTRO,14572,FOR_LICENCIAMENTO_BD_CADASTRO,2024-06-02 14:01:29,2025-04-04 12:53:23,2025-04-05 18:09:05,50154,MARIA FERNANDA SANTOS PERES,2,0.0,42,43,17,5,3,,,326790,LOG_SERVICO,Descrição do campo LOG_SERVICO,0.0,,9,30 minutos,,,,,FLX_ALVARÁ_DE_FUNCIONAMENTO,2,ALVARÁ DE FUNCIONAMENTO
521453,1512122,20400,CADASTRO,14580,FOR_CERTIDAO_BD_CADASTRO,2024-10-13 09:23:14,2025-08-15 08:15:08,2025-08-16 13:30:50,51963,JOÃO CARLOS SILVA,2,0.0,42,41,16,1,2,,,327444,LOG_SERVICO,Descrição do campo LOG_SERVICO,0.0,,9,Rejeitado,,,,,FLX_ALVARÁ_DE_FUNCIONAMENTO,2,ALVARÁ DE FUNCIONAMENTO
524889,1514312,20400,CADASTRO,14579,FOR_CERTIDAO_BD_CADASTRO,2024-03-18 13:42:07,2025-01-18 12:34:01,2025-01-19 17:49:43,51142,JOÃO CARLOS SILVA,2,0.0,1,50,5,3,3,,,327253,REQUISITOS,Descrição do campo REQUISITOS,0.0,,3,Valor_REQUISITOS_0,,,,,FLX_ALVARÁ_DE_FUNCIONAMENTO,2,ALVARÁ DE FUNCIONAMENTO
522644,1514055,20400,CADASTRO,14575,FOR_LICENCIAMENTO_BD_CADASTRO,2024-11-11 09:05:20,2025-09-13 07:57:14,2025-09-14 13:12:56,52535,ANA PAULA COSTA OLIVEIRA,2,0.0,43,20,19,3,1,,,327066,SINONIMOS,Descrição do campo SINONIMOS,0.0,,9,30 minutos,,,,,FLX_ALVARÁ_DE_FUNCIONAMENTO,2,ALVARÁ DE FUNCIONAMENTO
528156,1514356,20400,CADASTRO,14576,FOR_CERTIDAO_BD_CADASTRO,2024-12-07 17:18:44,2025-10-09 16:10:38,2025-10-10 21:26:20,50968,MARIA FERNANDA SANTOS PERES,2,0.0,57,42,18,2,2,,,326719,SINONIMOS,Descrição do campo SINONIMOS,0.0,,1,Presencial,,,,,FLX_ALVARÁ_DE_FUNCIONAMENTO,2,ALVARÁ DE FUNCIONAMENTO
528648,1510086,20400,CADASTRO,14571,FOR_LICENCIAMENTO_BD_CADASTRO,2024-06-19 14:33:05,2025-04-21 13:24:59,2025-04-22 18:40:41,50279,MARIA FERNANDA SANTOS PERES,2,0.0,14,44,9,3,3,,,326798,DESCRICAO,Descrição do campo DESCRICAO,0.0,327197.0,8,Online,,,,,FLX_ALVARÁ_DE_FUNCIONAMENTO,2,ALVARÁ DE FUNCIONAMENTO
524706,1510433,20400,CADASTRO,14571,FOR_LICENCIAMENTO_BD_CADASTRO,2024-11-15 13:28:02,2025-09-17 12:19:56,2025-09-18 17:35:38,50987,MARIA FERNANDA SANTOS PERES,2,0.0,35,27,13,4,2,,,327495,DESCRICAO,Descrição do campo DESCRICAO,0.0,,1,"Público - (público em geral, incluindo cidadãos e empresas)",,,,,FLX_ALVARÁ_DE_FUNCIONAMENTO,2,ALVARÁ DE FUNCIONAMENTO
526574,1511782,20400,CADASTRO,14572,FOR_LICENCIAMENTO_BD_CADASTRO,2024-07-28 09:32:49,2025-05-30 08:24:43,2025-05-31 13:40:25,51729,JOÃO CARLOS SILVA,2,0.0,36,27,5,2,3,,,327034,DESCRICAO,Descrição do campo DESCRICAO,0.0,,3,2024-01-15,,,,,FLX_ALVARÁ_DE_FUNCIONAMENTO,2,ALVARÁ DE FUNCIONAMENTO
522861,1514414,20400,CADASTRO,14576,FOR_LICENCIAMENTO_BD_CADASTRO,2024-03-15 15:43:33,2025-01-15 14:35:27,2025-01-16 19:51:09,50536,MARIA FERNANDA SANTOS PERES,2,0.0,6,5,0,3,1,,,327131,DESCRICAO,Descrição do campo DESCRICAO,0.0,327356.0,9,Não se aplica,,,,,FLX_ALVARÁ_DE_FUNCIONAMENTO,2,ALVARÁ DE FUNCIONAMENTO
521283,1514730,20400,CADASTRO,14576,FOR_LICENCIAMENTO_BD_CADASTRO,2024-02-08 10:50:36,2024-12-10 09:42:30,2024-12-11 14:58:12,52040,ANA PAULA COSTA OLIVEIRA,2,0.0,38,10,17,4,3,,,326860,INSTRUCOES,Descrição do campo INSTRUCOES,0.0,,6,Sim,,,,,FLX_ALVARÁ_DE_FUNCIONAMENTO,2,ALVARÁ DE FUNCIONAMENTO
521993,1512111,20400,CADASTRO,14580,FOR_CERTIDAO_BD_CADASTRO,2024-03-04 13:27:20,2025-01-04 12:19:14,2025-01-05 17:34:56,50495,MARIA FERNANDA SANTOS PERES,2,0.0,53,18,8,4,3,,,326950,INSTRUCOES,Descrição do campo INSTRUCOES,0.0,,10,Pendente,,,,,FLX_ALVARÁ_DE_FUNCIONAMENTO,2,ALVARÁ DE FUNCIONAMENTO
524826,1510093,20400,CADASTRO,14578,FOR_INSCRICAO_PROGRAMA_BD,2024-04-04 08:31:47,2025-02-04 07:23:41,2025-02-05 12:39:23,52236,ANA PAULA COSTA OLIVEIRA,2,0.0,35,13,18,5,1,,,327254,INSTRUCOES,Descrição do campo INSTRUCOES,0.0,,9,Presencial,,,,,FLX_ALVARÁ_DE_FUNCIONAMENTO,2,ALVARÁ DE FUNCIONAMENTO
524343,1510782,20400,CADASTRO,14577,FOR_CERTIDAO_BD_CADASTRO,2024-02-28 08:08:00,2024-12-30 06:59:54,2024-12-31 12:15:36,52062,ANA PAULA COSTA OLIVEIRA,2,0.0,9,33,6,4,3,,,327162,INSTRUCOES,Descrição do campo INSTRUCOES,0.0,,5,Não,,,,,FLX_ALVARÁ_DE_FUNCIONAMENTO,2,ALVARÁ DE FUNCIONAMENTO
521256,1514818,20400,CADASTRO,14572,FOR_CERTIDAO_BD_CADASTRO,2024-04-25 17:39:43,2025-02-25 16:31:37,2025-02-26 21:47:19,50342,MARIA FERNANDA SANTOS PERES,2,0.0,1,8,11,4,2,,,327149,PESSOA_FISICA,Descrição do campo PESSOA_FISICA,0.0,,5,Online,,,,,FLX_ALVARÁ_DE_FUNCIONAMENTO,2,ALVARÁ DE FUNCIONAMENTO
524161,1511099,20400,CADASTRO,14572,FOR_CERTIDAO_BD_CADASTRO,2024-11-07 08:50:12,2025-09-09 07:42:06,2025-09-10 12:57:48,51130,JOÃO CARLOS SILVA,2,0.0,5,12,0,1,1,,,326560,UORG_ENTIDADE_SUB,Descrição do campo UORG_ENTIDADE_SUB,0.0,,8,,,,,,FLX_ALVARÁ_DE_FUNCIONAMENTO,2,ALVARÁ DE FUNCIONAMENTO
528186,1512144,20400,CADASTRO,14573,FOR_LICENCIAMENTO_BD_CADASTRO,2024-06-23 13:05:27,2025-04-25 11:57:21,2025-04-26 17:13:03,51130,JOÃO CARLOS SILVA,2,0.0,47,46,3,3,1,,,327315,UORG_ENTIDADE_SUB,Descrição do campo UORG_ENTIDADE_SUB,0.0,327537.0,4,Não se aplica,,,,,FLX_ALVARÁ_DE_FUNCIONAMENTO,2,ALVARÁ DE FUNCIONAMENTO
524124,1514247,20400,CADASTRO,14574,FOR_INSCRICAO_PROGRAMA_BD,2024-10-31 17:28:29,2025-09-02 16:20:23,2025-09-03 21:36:05,52183,ANA PAULA COSTA OLIVEIRA,2,0.0,46,2,19,2,2,,,327428,UORG_ENTIDADE_SUB,Descrição do campo UORG_ENTIDADE_SUB,0.0,327299.0,4,30 minutos,,,,,FLX_ALVARÁ_DE_FUNCIONAMENTO,2,ALVARÁ DE FUNCIONAMENTO
520566,1513508,20400,CADASTRO,14573,FOR_LICENCIAMENTO_BD_CADASTRO,2024-06-27 18:52:09,2025-04-29 17:44:03,2025-04-30 22:59:45,50669,MARIA FERNANDA SANTOS PERES,2,0.0,25,26,0,5,3,,,326796,UORG_ENTIDADE_SUB,Descrição do campo UORG_ENTIDADE_SUB,0.0,,8,,,,,,FLX_ALVARÁ_DE_FUNCIONAMENTO,2,ALVARÁ DE FUNCIONAMENTO
528774,1510302,20400,CADASTRO,14577,FOR_LICENCIAMENTO_BD_CADASTRO,2024-04-05 10:48:39,2025-02-05 09:40:33,2025-02-06 14:56:15,50526,MARIA FERNANDA SANTOS PERES,2,0.0,7,32,6,1,2,,,327357,UORG_ENTIDADE_SUB,Descrição do campo UORG_ENTIDADE_SUB,0.0,,10,Rejeitado,,,,,FLX_ALVARÁ_DE_FUNCIONAMENTO,2,ALVARÁ DE FUNCIONAMENTO
527499,1513067,20400,CADASTRO,14574,FOR_INSCRICAO_PROGRAMA_BD,2024-06-03 12:29:28,2025-04-05 11:21:22,2025-04-06 16:37:04,50859,MARIA FERNANDA SANTOS PERES,2,0.0,22,25,19,3,1,,,326549,PRIORIDADE,Descrição do campo PRIORIDADE,0.0,,4,30 minutos,,,,,FLX_ALVARÁ_DE_FUNCIONAMENTO,2,ALVARÁ DE FUNCIONAMENTO
522753,1510406,20400,CADASTRO,14572,FOR_LICENCIAMENTO_BD_CADASTRO,2024-11-21 10:53:49,2025-09-23 09:45:43,2025-09-24 15:01:25,51392,JOÃO CARLOS SILVA,2,0.0,25,11,3,3,3,,,327389,PRIORIDADE,Descrição do campo PRIORIDADE,0.0,,9,Não,,,,,FLX_ALVARÁ_DE_FUNCIONAMENTO,2,ALVARÁ DE FUNCIONAMENTO
521602,1510632,20400,CADASTRO,14572,FOR_CERTIDAO_BD_CADASTRO,2024-06-17 14:29:37,2025-04-19 13:21:31,2025-04-20 18:37:13,52392,ANA PAULA COSTA OLIVEIRA,2,0.0,3,45,9,3,2,,,327236,TAXA,Descrição do campo TAXA,0.0,327817.0,5,2024-01-15,,,,,FLX_ALVARÁ_DE_FUNCIONAMENTO,2,ALVARÁ DE FUNCIONAMENTO
528526,1514707,20400,CADASTRO,14573,FOR_LICENCIAMENTO_BD_CADASTRO,2024-04-07 14:26:29,2025-02-07 13:18:23,2025-02-08 18:34:05,50194,MARIA FERNANDA SANTOS PERES,2,0.0,48,8,3,1,3,,,327143,CATEGORIA,Descrição do campo CATEGORIA,0.0,327123.0,9,2024-01-15,,,,,FLX_ALVARÁ_DE_FUNCIONAMENTO,2,ALVARÁ DE FUNCIONAMENTO
527495,1513691,20400,CADASTRO,14576,FOR_INSCRICAO_PROGRAMA_BD,2024-06-07 10:38:09,2025-04-09 09:30:03,2025-04-10 14:45:45,52135,ANA PAULA COSTA OLIVEIRA,2,0.0,4,23,12,4,2,,,327423,CATEGORIA,Descrição do campo CATEGORIA,0.0,,5,Não,,,,,FLX_ALVARÁ_DE_FUNCIONAMENTO,2,ALVARÁ DE FUNCIONAMENTO
525602,1511022,20400,CADASTRO,14578,FOR_INSCRICAO_PROGRAMA_BD,2024-11-12 11:46:42,2025-09-14 10:38:36,2025-09-15 15:54:18,52685,ANA PAULA COSTA OLIVEIRA,2,0.0,22,5,1,3,2,,,326725,CATEGORIA,Descrição do campo CATEGORIA,0.0,327612.0,5,Presencial,,,,,FLX_ALVARÁ_DE_FUNCIONAMENTO,2,ALVARÁ DE FUNCIONAMENTO
528549,1510770,20400,CADASTRO,14574,FOR_INSCRICAO_PROGRAMA_BD,2024-11-12 16:21:52,2025-09-14 15:13:46,2025-09-15 20:29:28,51847,JOÃO CARLOS SILVA,2,0.0,22,5,12,5,3,,,326837,CATEGORIA,Descrição do campo CATEGORIA,0.0,,6,30 minutos,,,,,FLX_ALVARÁ_DE_FUNCIONAMENTO,2,ALVARÁ DE FUNCIONAMENTO
521947,1512003,20400,CADASTRO,14578,FOR_INSCRICAO_PROGRAMA_BD,2024-03-04 13:51:08,2025-01-04 12:43:02,2025-01-05 17:58:44,50467,MARIA FERNANDA SANTOS PERES,2,0.0,43,47,18,2,2,,,326941,CATEGORIA,Descrição do campo CATEGORIA,0.0,,9,Presencial,,,,,FLX_ALVARÁ_DE_FUNCIONAMENTO,2,ALVARÁ DE FUNCIONAMENTO
522558,1514035,20400,CADASTRO,14576,FOR_INSCRICAO_PROGRAMA_BD,2024-12-05 09:28:11,2025-10-07 08:20:05,2025-10-08 13:35:47,50138,MARIA FERNANDA SANTOS PERES,2,0.0,37,14,0,2,2,,,327053,ETAPAS,Descrição do campo ETAPAS,0.0,,3,,,,,,FLX_ALVARÁ_DE_FUNCIONAMENTO,2,ALVARÁ DE FUNCIONAMENTO
524457,1510656,20410,CONCLUÍDO,14576,FOR_LICENCIAMENTO_BD_CADASTRO,2024-06-08 09:09:16,2025-04-10 08:01:10,2025-04-11 13:16:52,50130,MARIA FERNANDA SANTOS PERES,2,0.0,5,23,7,2,1,,,327264,PRIORIDADE,Descrição do campo PRIORIDADE,0.0,,5,Não se aplica,,,,,FLX_ALVARÁ_DE_FUNCIONAMENTO,2,ALVARÁ DE FUNCIONAMENTO
520324,1512713,20410,CONCLUÍDO,14577,FOR_INSCRICAO_PROGRAMA_BD,2024-03-25 13:32:37,2025-01-25 12:24:31,2025-01-26 17:40:13,51811,JOÃO CARLOS SILVA,2,0.0,57,7,11,1,2,,,326793,PRIORIDADE,Descrição do campo PRIORIDADE,0.0,,10,2024-01-15,,,,,FLX_ALVARÁ_DE_FUNCIONAMENTO,2,ALVARÁ DE FUNCIONAMENTO
525312,1511200,20410,CONCLUÍDO,14580,FOR_INSCRICAO_PROGRAMA_BD,2024-03-26 18:33:19,2025-01-26 17:25:13,2025-01-27 22:40:55,51930,JOÃO CARLOS SILVA,2,0.0,8,42,0,3,2,,,327121,LOG_SERVICO,Descrição do campo LOG_SERVICO,0.0,327639.0,2,"Público - (público em geral, incluindo cidadãos e empresas)",,,,,FLX_ALVARÁ_DE_FUNCIONAMENTO,2,ALVARÁ DE FUNCIONAMENTO
528825,1510507,20410,CONCLUÍDO,14571,FOR_INSCRICAO_PROGRAMA_BD,2024-06-25 18:31:29,2025-04-27 17:23:23,2025-04-28 22:39:05,52592,ANA PAULA COSTA OLIVEIRA,2,0.0,58,38,15,4,3,,,326816,LOG_SERVICO,Descrição do campo LOG_SERVICO,0.0,327606.0,1,Valor_LOG_SERVICO_1,,,,,FLX_ALVARÁ_DE_FUNCIONAMENTO,2,ALVARÁ DE FUNCIONAMENTO
529812,1512880,20410,CONCLUÍDO,14577,FOR_CERTIDAO_BD_CADASTRO,2024-04-26 14:54:35,2025-02-26 13:46:29,2025-02-27 19:02:11,52914,ANA PAULA COSTA OLIVEIRA,2,0.0,26,17,2,5,2,,,326846,LOG_SERVICO,Descrição do campo LOG_SERVICO,0.0,,5,2024-01-15,,,,,FLX_ALVARÁ_DE_FUNCIONAMENTO,2,ALVARÁ DE FUNCIONAMENTO
523066,1510909,20410,CONCLUÍDO,14578,FOR_CERTIDAO_BD_CADASTRO,2024-07-25 13:43:38,2025-05-27 12:35:32,2025-05-28 17:51:14,51300,JOÃO CARLOS SILVA,2,0.0,38,41,9,1,3,,,327264,LOG_SERVICO,Descrição do campo LOG_SERVICO,0.0,,7,Valor_LOG_SERVICO_3,,,,,FLX_ALVARÁ_DE_FUNCIONAMENTO,2,ALVARÁ DE FUNCIONAMENTO
528283,1511673,20410,CONCLUÍDO,14571,FOR_INSCRICAO_PROGRAMA_BD,2024-02-13 12:12:07,2024-12-15 11:04:01,2024-12-16 16:19:43,52823,ANA PAULA COSTA OLIVEIRA,2,0.0,39,32,6,3,1,,,326565,LOG_SERVICO,Descrição do campo LOG_SERVICO,0.0,327805.0,3,Rejeitado,,,,,FLX_ALVARÁ_DE_FUNCIONAMENTO,2,ALVARÁ DE FUNCIONAMENTO
526868,1513906,20410,CONCLUÍDO,14577,FOR_LICENCIAMENTO_BD_CADASTRO,2024-02-15 13:43:47,2024-12-17 12:35:41,2024-12-18 17:51:23,52158,ANA PAULA COSTA OLIVEIRA,2,0.0,60,44,18,1,1,,,326792,PESSOA_JURIDICA,Descrição do campo PESSOA_JURIDICA,0.0,327503.0,1,Sim,,,,,FLX_ALVARÁ_DE_FUNCIONAMENTO,2,ALVARÁ DE FUNCIONAMENTO
521635,1510697,20410,CONCLUÍDO,14580,FOR_CERTIDAO_BD_CADASTRO,2024-12-03 18:40:25,2025-10-05 17:32:19,2025-10-06 22:48:01,50989,MARIA FERNANDA SANTOS PERES,2,0.0,21,27,0,1,2,,,327426,PESSOA_JURIDICA,Descrição do campo PESSOA_JURIDICA,0.0,,4,Sim,,,,,FLX_ALVARÁ_DE_FUNCIONAMENTO,2,ALVARÁ DE FUNCIONAMENTO
522084,1513082,20410,CONCLUÍDO,14575,FOR_CERTIDAO_BD_CADASTRO,2024-03-04 09:54:41,2025-01-04 08:46:35,2025-01-05 14:02:17,52339,ANA PAULA COSTA OLIVEIRA,2,0.0,46,6,15,5,2,,,327405,SERVICO,Descrição do campo SERVICO,0.0,327873.0,4,Rejeitado,,,,,FLX_ALVARÁ_DE_FUNCIONAMENTO,2,ALVARÁ DE FUNCIONAMENTO
523177,1511122,20410,CONCLUÍDO,14579,FOR_CERTIDAO_BD_CADASTRO,2024-12-13 17:02:38,2025-10-15 15:54:32,2025-10-16 21:10:14,50044,MARIA FERNANDA SANTOS PERES,2,0.0,16,50,5,4,3,,,327228,SERVICO,Descrição do campo SERVICO,0.0,327042.0,8,Presencial,,,,,FLX_ALVARÁ_DE_FUNCIONAMENTO,2,ALVARÁ DE FUNCIONAMENTO
522114,1513932,20410,CONCLUÍDO,14573,FOR_INSCRICAO_PROGRAMA_BD,2024-10-08 15:56:22,2025-08-10 14:48:16,2025-08-11 20:03:58,52989,ANA PAULA COSTA OLIVEIRA,2,0.0,58,37,12,4,2,,,327358,ETAPAS,Descrição do campo ETAPAS,0.0,,4,,,,,,FLX_ALVARÁ_DE_FUNCIONAMENTO,2,ALVARÁ DE FUNCIONAMENTO
524685,1511295,20410,CONCLUÍDO,14579,FOR_LICENCIAMENTO_BD_CADASTRO,2024-06-21 12:50:17,2025-04-23 11:42:11,2025-04-24 16:57:53,52138,ANA PAULA COSTA OLIVEIRA,2,0.0,55,42,15,3,3,,,326591,ETAPAS,Descrição do campo ETAPAS,0.0,327720.0,1,Não se aplica,,,,,FLX_ALVARÁ_DE_FUNCIONAMENTO,2,ALVARÁ DE FUNCIONAMENTO
527243,1512874,20410,CONCLUÍDO,14577,FOR_LICENCIAMENTO_BD_CADASTRO,2024-10-01 09:01:16,2025-08-03 07:53:10,2025-08-04 13:08:52,51674,JOÃO CARLOS SILVA,2,0.0,54,12,9,2,2,,,326912,ETAPAS,Descrição do campo ETAPAS,0.0,327511.0,2,30 minutos,,,,,FLX_ALVARÁ_DE_FUNCIONAMENTO,2,ALVARÁ DE FUNCIONAMENTO
528308,1512278,20410,CONCLUÍDO,14578,FOR_CERTIDAO_BD_CADASTRO,2024-10-05 10:02:18,2025-08-07 08:54:12,2025-08-08 14:09:54,52519,ANA PAULA COSTA OLIVEIRA,2,0.0,43,43,20,2,3,,,327495,ETAPAS,Descrição do campo ETAPAS,0.0,,8,Aprovado,,,,,FLX_ALVARÁ_DE_FUNCIONAMENTO,2,ALVARÁ DE FUNCIONAMENTO
523680,1511634,20410,CONCLUÍDO,14576,FOR_CERTIDAO_BD_CADASTRO,2024-02-28 15:05:42,2024-12-30 13:57:36,2024-12-31 19:13:18,51246,JOÃO CARLOS SILVA,2,0.0,31,42,11,2,1,,,327059,ETAPAS,Descrição do campo ETAPAS,0.0,327630.0,6,Rejeitado,,,,,FLX_ALVARÁ_DE_FUNCIONAMENTO,2,ALVARÁ DE FUNCIONAMENTO
526440,1513257,20410,CONCLUÍDO,14572,FOR_INSCRICAO_PROGRAMA_BD,2024-07-27 18:58:33,2025-05-29 17:50:27,2025-05-30 23:06:09,51495,JOÃO CARLOS SILVA,2,0.0,27,32,16,5,2,,,326595,LOG_DATAHORA,Descrição do campo LOG_DATAHORA,0.0,,3,Rejeitado,,,,,FLX_ALVARÁ_DE_FUNCIONAMENTO,2,ALVARÁ DE FUNCIONAMENTO
523938,1510221,20410,CONCLUÍDO,14578,FOR_CERTIDAO_BD_CADASTRO,2024-10-25 12:15:19,2025-08-27 11:07:13,2025-08-28 16:22:55,51018,JOÃO CARLOS SILVA,2,0.0,53,1,8,1,3,,,327101,LOG_DATAHORA,Descrição do campo LOG_DATAHORA,0.0,,5,,,,,,FLX_ALVARÁ_DE_FUNCIONAMENTO,2,ALVARÁ DE FUNCIONAMENTO
523713,1513098,20410,CONCLUÍDO,14574,FOR_LICENCIAMENTO_BD_CADASTRO,2024-03-05 12:39:40,2025-01-05 11:31:34,2025-01-06 16:47:16,51225,JOÃO CARLOS SILVA,2,0.0,32,10,2,2,1,,,326510,SINONIMOS,Descrição do campo SINONIMOS,0.0,,5,,,,,,FLX_ALVARÁ_DE_FUNCIONAMENTO,2,ALVARÁ DE FUNCIONAMENTO
526760,1510152,20410,CONCLUÍDO,14577,FOR_CERTIDAO_BD_CADASTRO,2024-12-07 10:15:50,2025-10-09 09:07:44,2025-10-10 14:23:26,52707,ANA PAULA COSTA OLIVEIRA,2,0.0,48,26,3,4,3,,,327423,SINONIMOS,Descrição do campo SINONIMOS,0.0,,1,Não se aplica,,,,,FLX_ALVARÁ_DE_FUNCIONAMENTO,2,ALVARÁ DE FUNCIONAMENTO
520155,1510737,20410,CONCLUÍDO,14571,FOR_LICENCIAMENTO_BD_CADASTRO,2024-04-22 17:31:33,2025-02-22 16:23:27,2025-02-23 21:39:09,50553,MARIA FERNANDA SANTOS PERES,2,0.0,11,3,5,5,3,,,327487,LOG_USUARIO,Descrição do campo LOG_USUARIO,0.0,,7,,,,,,FLX_ALVARÁ_DE_FUNCIONAMENTO,2,ALVARÁ DE FUNCIONAMENTO
526036,1513427,20410,CONCLUÍDO,14572,FOR_CERTIDAO_BD_CADASTRO,2024-12-25 14:52:36,2025-10-27 13:44:30,2025-10-28 19:00:12,50333,MARIA FERNANDA SANTOS PERES,2,0.0,42,25,6,5,3,,,326532,LOG_USUARIO,Descrição do campo LOG_USUARIO,0.0,,5,Não,,,,,FLX_ALVARÁ_DE_FUNCIONAMENTO,2,ALVARÁ DE FUNCIONAMENTO
527084,1514756,20410,CONCLUÍDO,14571,FOR_INSCRICAO_PROGRAMA_BD,2024-11-29 08:20:59,2025-10-01 07:12:53,2025-10-02 12:28:35,51589,JOÃO CARLOS SILVA,2,0.0,28,35,6,5,3,,,327477,LOG_USUARIO,Descrição do campo LOG_USUARIO,0.0,327499.0,5,Valor_LOG_USUARIO_2,,,,,FLX_ALVARÁ_DE_FUNCIONAMENTO,2,ALVARÁ DE FUNCIONAMENTO
520106,1512363,20410,CONCLUÍDO,14575,FOR_LICENCIAMENTO_BD_CADASTRO,2024-06-23 18:26:18,2025-04-25 17:18:12,2025-04-26 22:33:54,50572,MARIA FERNANDA SANTOS PERES,2,0.0,15,41,12,3,3,,,326804,LOG_USUARIO,Descrição do campo LOG_USUARIO,0.0,327819.0,6,Pendente,,,,,FLX_ALVARÁ_DE_FUNCIONAMENTO,2,ALVARÁ DE FUNCIONAMENTO
527726,1510006,20410,CONCLUÍDO,14571,FOR_CERTIDAO_BD_CADASTRO,2024-03-04 15:45:58,2025-01-04 14:37:52,2025-01-05 19:53:34,51273,JOÃO CARLOS SILVA,2,0.0,41,31,19,1,1,,,326950,LOG_USUARIO,Descrição do campo LOG_USUARIO,0.0,,8,Não,,,,,FLX_ALVARÁ_DE_FUNCIONAMENTO,2,ALVARÁ DE FUNCIONAMENTO
520266,1511966,20410,CONCLUÍDO,14571,FOR_LICENCIAMENTO_BD_CADASTRO,2024-02-01 08:50:21,2024-12-03 07:42:15,2024-12-04 12:57:57,52644,ANA PAULA COSTA OLIVEIRA,2,0.0,41,7,2,5,3,,,326856,LEGISLACAO,Descrição do campo LEGISLACAO,0.0,,7,Aprovado,,,,,FLX_ALVARÁ_DE_FUNCIONAMENTO,2,ALVARÁ DE FUNCIONAMENTO
528736,1512587,20410,CONCLUÍDO,14578,FOR_LICENCIAMENTO_BD_CADASTRO,2024-07-17 13:01:23,2025-05-19 11:53:17,2025-05-20 17:08:59,50032,MARIA FERNANDA SANTOS PERES,2,0.0,24,5,18,4,3,,,326862,LEGISLACAO,Descrição do campo LEGISLACAO,0.0,,10,,,,,,FLX_ALVARÁ_DE_FUNCIONAMENTO,2,ALVARÁ DE FUNCIONAMENTO
525871,1511636,20410,CONCLUÍDO,14580,FOR_CERTIDAO_BD_CADASTRO,2024-11-17 12:51:05,2025-09-19 11:42:59,2025-09-20 16:58:41,50493,MARIA FERNANDA SANTOS PERES,2,0.0,39,33,8,1,2,,,326758,LEGISLACAO,Descrição do campo LEGISLACAO,0.0,,1,Online,,,,,FLX_ALVARÁ_DE_FUNCIONAMENTO,2,ALVARÁ DE FUNCIONAMENTO
523521,1513364,20410,CONCLUÍDO,14580,FOR_CERTIDAO_BD_CADASTRO,2024-12-08 18:23:23,2025-10-10 17:15:17,2025-10-11 22:30:59,52120,ANA PAULA COSTA OLIVEIRA,2,0.0,18,13,11,4,3,,,327141,CATEGORIA,Descrição do campo CATEGORIA,0.0,,1,Valor_CATEGORIA_0,,,,,FLX_ALVARÁ_DE_FUNCIONAMENTO,2,ALVARÁ DE FUNCIONAMENTO
529071,1512734,20410,CONCLUÍDO,14576,FOR_INSCRICAO_PROGRAMA_BD,2024-06-06 17:29:53,2025-04-08 16:21:47,2025-04-09 21:37:29,50741,MARIA FERNANDA SANTOS PERES,2,0.0,33,12,19,5,1,,,326929,CATEGORIA,Descrição do campo CATEGORIA,0.0,,6,Aprovado,,,,,FLX_ALVARÁ_DE_FUNCIONAMENTO,2,ALVARÁ DE FUNCIONAMENTO
529763,1514309,20410,CONCLUÍDO,14572,FOR_CERTIDAO_BD_CADASTRO,2024-02-04 18:23:34,2024-12-06 17:15:28,2024-12-07 22:31:10,50618,MARIA FERNANDA SANTOS PERES,2,0.0,52,28,8,5,2,,,326758,CATEGORIA,Descrição do campo CATEGORIA,0.0,,4,2024-01-15,,,,,FLX_ALVARÁ_DE_FUNCIONAMENTO,2,ALVARÁ DE FUNCIONAMENTO
527974,1513014,20410,CONCLUÍDO,14580,FOR_CERTIDAO_BD_CADASTRO,2024-06-30 09:55:20,2025-05-02 08:47:14,2025-05-03 14:02:56,50560,MARIA FERNANDA SANTOS PERES,2,0.0,32,34,7,4,3,,,327407,CATEGORIA,Descrição do campo CATEGORIA,0.0,,6,30 minutos,,,,,FLX_ALVARÁ_DE_FUNCIONAMENTO,2,ALVARÁ DE FUNCIONAMENTO
522346,1512143,20410,CONCLUÍDO,14576,FOR_CERTIDAO_BD_CADASTRO,2024-04-27 18:51:22,2025-02-27 17:43:16,2025-02-28 22:58:58,52527,ANA PAULA COSTA OLIVEIRA,2,0.0,43,46,2,1,2,,,327414,CATEGORIA,Descrição do campo CATEGORIA,0.0,327317.0,5,30 minutos,,,,,FLX_ALVARÁ_DE_FUNCIONAMENTO,2,ALVARÁ DE FUNCIONAMENTO
527443,1512580,20410,CONCLUÍDO,14578,FOR_LICENCIAMENTO_BD_CADASTRO,2024-10-01 13:59:06,2025-08-03 12:51:00,2025-08-04 18:06:42,52311,ANA PAULA COSTA OLIVEIRA,2,0.0,17,18,16,2,1,,,327150,UORG_ENTIDADE_SUB,Descrição do campo UORG_ENTIDADE_SUB,0.0,,3,Pendente,,,,,FLX_ALVARÁ_DE_FUNCIONAMENTO,2,ALVARÁ DE FUNCIONAMENTO
523159,1511253,20410,CONCLUÍDO,14576,FOR_CERTIDAO_BD_CADASTRO,2024-03-14 13:55:42,2025-01-14 12:47:36,2025-01-15 18:03:18,50440,MARIA FERNANDA SANTOS PERES,2,0.0,22,18,3,3,1,,,327163,UORG_ENTIDADE_SUB,Descrição do campo UORG_ENTIDADE_SUB,0.0,,3,,,,,,FLX_ALVARÁ_DE_FUNCIONAMENTO,2,ALVARÁ DE FUNCIONAMENTO
528310,1514457,20410,CONCLUÍDO,14575,FOR_LICENCIAMENTO_BD_CADASTRO,2024-07-17 18:11:02,2025-05-19 17:02:56,2025-05-20 22:18:38,51681,JOÃO CARLOS SILVA,2,0.0,45,23,19,3,3,,,327498,UORG_ENTIDADE_SUB,Descrição do campo UORG_ENTIDADE_SUB,0.0,,8,Presencial,,,,,FLX_ALVARÁ_DE_FUNCIONAMENTO,2,ALVARÁ DE FUNCIONAMENTO
520291,1513560,20410,CONCLUÍDO,14574,FOR_INSCRICAO_PROGRAMA_BD,2024-07-10 10:13:21,2025-05-12 09:05:15,2025-05-13 14:20:57,50791,MARIA FERNANDA SANTOS PERES,2,0.0,41,46,17,5,3,,,326579,UORG_ENTIDADE_SUB,Descrição do campo UORG_ENTIDADE_SUB,0.0,,10,2024-01-15,,,,,FLX_ALVARÁ_DE_FUNCIONAMENTO,2,ALVARÁ DE FUNCIONAMENTO
522637,1510035,20410,CONCLUÍDO,14577,FOR_LICENCIAMENTO_BD_CADASTRO,2024-11-11 12:07:51,2025-09-13 10:59:45,2025-09-14 16:15:27,51629,JOÃO CARLOS SILVA,2,0.0,56,8,16,4,1,,,326522,CONSUMIDOR,Descrição do campo CONSUMIDOR,0.0,,4,Pendente,,,,,FLX_ALVARÁ_DE_FUNCIONAMENTO,2,ALVARÁ DE FUNCIONAMENTO
527730,1512369,20410,CONCLUÍDO,14572,FOR_CERTIDAO_BD_CADASTRO,2024-07-05 10:04:18,2025-05-07 08:56:12,2025-05-08 14:11:54,50341,MARIA FERNANDA SANTOS PERES,2,0.0,32,45,10,5,1,,,327108,CONSUMIDOR,Descrição do campo CONSUMIDOR,0.0,,7,"Público - (público em geral, incluindo cidadãos e empresas)",,,,,FLX_ALVARÁ_DE_FUNCIONAMENTO,2,ALVARÁ DE FUNCIONAMENTO
522110,1513164,20410,CONCLUÍDO,14573,FOR_LICENCIAMENTO_BD_CADASTRO,2024-12-13 13:41:17,2025-10-15 12:33:11,2025-10-16 17:48:53,52091,ANA PAULA COSTA OLIVEIRA,2,0.0,25,37,12,3,1,,,327105,CONSUMIDOR,Descrição do campo CONSUMIDOR,0.0,327751.0,8,"Público - (público em geral, incluindo cidadãos e empresas)",,,,,FLX_ALVARÁ_DE_FUNCIONAMENTO,2,ALVARÁ DE FUNCIONAMENTO
525776,1510288,20410,CONCLUÍDO,14577,FOR_CERTIDAO_BD_CADASTRO,2024-06-28 09:15:27,2025-04-30 08:07:21,2025-05-01 13:23:03,51751,JOÃO CARLOS SILVA,2,0.0,33,4,13,3,2,,,326676,CONSUMIDOR,Descrição do campo CONSUMIDOR,0.0,,8,Presencial,,,,,FLX_ALVARÁ_DE_FUNCIONAMENTO,2,ALVARÁ DE FUNCIONAMENTO
528608,1510615,20410,CONCLUÍDO,14575,FOR_INSCRICAO_PROGRAMA_BD,2024-03-07 14:28:56,2025-01-07 13:20:50,2025-01-08 18:36:32,51428,JOÃO CARLOS SILVA,2,0.0,55,40,5,3,1,,,327040,CONSUMIDOR,Descrição do campo CONSUMIDOR,0.0,327773.0,1,Aprovado,,,,,FLX_ALVARÁ_DE_FUNCIONAMENTO,2,ALVARÁ DE FUNCIONAMENTO
520936,1514660,20410,CONCLUÍDO,14572,FOR_CERTIDAO_BD_CADASTRO,2024-10-27 11:51:38,2025-08-29 10:43:32,2025-08-30 15:59:14,51595,JOÃO CARLOS SILVA,2,0.0,24,15,10,5,3,,,326887,INFORMACOES,Descrição do campo INFORMACOES,0.0,,1,Presencial,,,,,FLX_ALVARÁ_DE_FUNCIONAMENTO,2,ALVARÁ DE FUNCIONAMENTO
525605,1512116,20410,CONCLUÍDO,14580,FOR_CERTIDAO_BD_CADASTRO,2024-12-12 16:14:07,2025-10-14 15:06:01,2025-10-15 20:21:43,52611,ANA PAULA COSTA OLIVEIRA,2,0.0,14,43,18,1,2,,,326933,INFORMACOES,Descrição do campo INFORMACOES,0.0,,8,Não se aplica,,,,,FLX_ALVARÁ_DE_FUNCIONAMENTO,2,ALVARÁ DE FUNCIONAMENTO
527680,1510058,20410,CONCLUÍDO,14578,FOR_LICENCIAMENTO_BD_CADASTRO,2024-12-23 09:35:34,2025-10-25 08:27:28,2025-10-26 13:43:10,50034,MARIA FERNANDA SANTOS PERES,2,0.0,17,9,4,1,1,,,327317,INFORMACOES,Descrição do campo INFORMACOES,0.0,,8,30 minutos,,,,,FLX_ALVARÁ_DE_FUNCIONAMENTO,2,ALVARÁ DE FUNCIONAMENTO
528716,1511000,20410,CONCLUÍDO,14573,FOR_INSCRICAO_PROGRAMA_BD,2024-04-13 17:03:00,2025-02-13 15:54:54,2025-02-14 21:10:36,52363,ANA PAULA COSTA OLIVEIRA,2,0.0,8,7,6,1,2,,,327458,INFORMACOES,Descrição do campo INFORMACOES,0.0,,1,Não se aplica,,,,,FLX_ALVARÁ_DE_FUNCIONAMENTO,2,ALVARÁ DE FUNCIONAMENTO
525788,1511247,20410,CONCLUÍDO,14572,FOR_LICENCIAMENTO_BD_CADASTRO,2024-07-11 17:08:38,2025-05-13 16:00:32,2025-05-14 21:16:14,50299,MARIA FERNANDA SANTOS PERES,2,0.0,6,2,20,2,1,,,326559,INFORMACOES,Descrição do campo INFORMACOES,0.0,,6,Valor_INFORMACOES_4,,,,,FLX_ALVARÁ_DE_FUNCIONAMENTO,2,ALVARÁ DE FUNCIONAMENTO
527279,1513230,20410,CONCLUÍDO,14577,FOR_INSCRICAO_PROGRAMA_BD,2024-02-21 15:58:44,2024-12-23 14:50:38,2024-12-24 20:06:20,52856,ANA PAULA COSTA OLIVEIRA,2,0.0,29,45,2,4,3,,,327119,INSTRUCOES,Descrição do campo INSTRUCOES,0.0,327884.0,3,"Público - (público em geral, incluindo cidadãos e empresas)",,,,,FLX_ALVARÁ_DE_FUNCIONAMENTO,2,ALVARÁ DE FUNCIONAMENTO
520045,1510516,20410,CONCLUÍDO,14571,FOR_INSCRICAO_PROGRAMA_BD,2024-06-28 09:39:38,2025-04-30 08:31:32,2025-05-01 13:47:14,52079,ANA PAULA COSTA OLIVEIRA,2,0.0,4,9,10,5,3,,,327241,RETORNO,Descrição do campo RETORNO,0.0,,7,Rejeitado,,,,,FLX_ALVARÁ_DE_FUNCIONAMENTO,2,ALVARÁ DE FUNCIONAMENTO
522783,1513566,20410,CONCLUÍDO,14580,FOR_INSCRICAO_PROGRAMA_BD,2024-06-25 17:48:37,2025-04-27 16:40:31,2025-04-28 21:56:13,50285,MARIA FERNANDA SANTOS PERES,2,0.0,8,40,11,3,3,,,326660,PESSOA_FISICA,Descrição do campo PESSOA_FISICA,0.0,327485.0,2,"Público - (público em geral, incluindo cidadãos e empresas)",,,,,FLX_ALVARÁ_DE_FUNCIONAMENTO,2,ALVARÁ DE FUNCIONAMENTO
523071,1513911,20410,CONCLUÍDO,14580,FOR_CERTIDAO_BD_CADASTRO,2024-12-03 10:20:41,2025-10-05 09:12:35,2025-10-06 14:28:17,50479,MARIA FERNANDA SANTOS PERES,2,0.0,7,12,1,2,1,,,327191,PESSOA_FISICA,Descrição do campo PESSOA_FISICA,0.0,327076.0,1,Aprovado,,,,,FLX_ALVARÁ_DE_FUNCIONAMENTO,2,ALVARÁ DE FUNCIONAMENTO
526406,1513023,20410,CONCLUÍDO,14576,FOR_INSCRICAO_PROGRAMA_BD,2024-11-24 13:08:02,2025-09-26 11:59:56,2025-09-27 17:15:38,50221,MARIA FERNANDA SANTOS PERES,2,0.0,17,18,3,5,1,,,327068,REQUISITOS,Descrição do campo REQUISITOS,0.0,,8,Não,,,,,FLX_ALVARÁ_DE_FUNCIONAMENTO,2,ALVARÁ DE FUNCIONAMENTO
528932,1513944,20410,CONCLUÍDO,14577,FOR_INSCRICAO_PROGRAMA_BD,2024-04-14 09:18:43,2025-02-14 08:10:37,2025-02-15 13:26:19,51266,JOÃO CARLOS SILVA,2,0.0,19,11,12,4,3,,,327139,REQUISITOS,Descrição do campo REQUISITOS,0.0,,3,Não,,,,,FLX_ALVARÁ_DE_FUNCIONAMENTO,2,ALVARÁ DE FUNCIONAMENTO
527831,1510036,20410,CONCLUÍDO,14579,FOR_LICENCIAMENTO_BD_CADASTRO,2024-07-27 10:42:44,2025-05-29 09:34:38,2025-05-30 14:50:20,51762,JOÃO CARLOS SILVA,2,0.0,33,18,12,1,2,,,326557,REQUISITOS,Descrição do campo REQUISITOS,0.0,,7,"Público - (público em geral, incluindo cidadãos e empresas)",,,,,FLX_ALVARÁ_DE_FUNCIONAMENTO,2,ALVARÁ DE FUNCIONAMENTO
525776,1512407,20410,CONCLUÍDO,14580,FOR_LICENCIAMENTO_BD_CADASTRO,2024-07-19 18:09:58,2025-05-21 17:01:52,2025-05-22 22:17:34,52412,ANA PAULA COSTA OLIVEIRA,2,0.0,38,30,16,3,2,,,326910,REQUISITOS,Descrição do campo REQUISITOS,0.0,,2,30 minutos,,,,,FLX_ALVARÁ_DE_FUNCIONAMENTO,2,ALVARÁ DE FUNCIONAMENTO
524587,1514680,20410,CONCLUÍDO,14575,FOR_CERTIDAO_BD_CADASTRO,2024-12-19 10:33:23,2025-10-21 09:25:17,2025-10-22 14:40:59,51418,JOÃO CARLOS SILVA,2,0.0,38,17,20,1,1,,,327183,REQUISITOS,Descrição do campo REQUISITOS,0.0,,2,"Público - (público em geral, incluindo cidadãos e empresas)",,,,,FLX_ALVARÁ_DE_FUNCIONAMENTO,2,ALVARÁ DE FUNCIONAMENTO
525356,1513696,20410,CONCLUÍDO,14574,FOR_INSCRICAO_PROGRAMA_BD,2024-02-22 12:37:24,2024-12-24 11:29:18,2024-12-25 16:45:00,50403,MARIA FERNANDA SANTOS PERES,2,0.0,58,18,13,4,1,,,327024,TAXA,Descrição do campo TAXA,0.0,,7,Valor_TAXA_0,,,,,FLX_ALVARÁ_DE_FUNCIONAMENTO,2,ALVARÁ DE FUNCIONAMENTO
525992,1511277,20410,CONCLUÍDO,14572,FOR_CERTIDAO_BD_CADASTRO,2024-04-12 08:11:55,2025-02-12 07:03:49,2025-02-13 12:19:31,52162,ANA PAULA COSTA OLIVEIRA,2,0.0,8,10,17,2,1,,,327146,TAXA,Descrição do campo TAXA,0.0,,8,Pendente,,,,,FLX_ALVARÁ_DE_FUNCIONAMENTO,2,ALVARÁ DE FUNCIONAMENTO
521331,1514926,20410,CONCLUÍDO,14578,FOR_CERTIDAO_BD_CADASTRO,2024-10-13 16:23:15,2025-08-15 15:15:09,2025-08-16 20:30:51,51992,JOÃO CARLOS SILVA,2,0.0,3,50,11,4,1,,,326980,TAXA,Descrição do campo TAXA,0.0,,2,Não,,,,,FLX_ALVARÁ_DE_FUNCIONAMENTO,2,ALVARÁ DE FUNCIONAMENTO
521277,1513865,20410,CONCLUÍDO,14573,FOR_CERTIDAO_BD_CADASTRO,2024-11-03 16:34:32,2025-09-05 15:26:26,2025-09-06 20:42:08,51610,JOÃO CARLOS SILVA,2,0.0,59,15,11,4,2,,,327153,TAXA,Descrição do campo TAXA,0.0,,3,"Público - (público em geral, incluindo cidadãos e empresas)",,,,,FLX_ALVARÁ_DE_FUNCIONAMENTO,2,ALVARÁ DE FUNCIONAMENTO
521010,1510925,20410,CONCLUÍDO,14573,FOR_CERTIDAO_BD_CADASTRO,2024-10-05 16:40:37,2025-08-07 15:32:31,2025-08-08 20:48:13,51055,JOÃO CARLOS SILVA,2,0.0,18,14,18,3,1,,,326876,TAXA,Descrição do campo TAXA,0.0,327597.0,7,Pendente,,,,,FLX_ALVARÁ_DE_FUNCIONAMENTO,2,ALVARÁ DE FUNCIONAMENTO
534874,1515264,20390,APROVAÇÃO,14573,FOR_LICENCIAMENTO_BD_CADASTRO,2024-03-04 13:18:29,2025-01-04 12:10:23,2025-01-05 17:26:05,50234,MARIA FERNANDA SANTOS PERES,2,0.0,16,4,20,1,3,,,326519,AREA_RESPONSAVEL,Descrição do campo AREA_RESPONSAVEL,0.0,,4,Sim,,,,,FLX_CERTIDÃO_DE_IMÓVEL,2,CERTIDÃO DE IMÓVEL
530003,1515018,20390,APROVAÇÃO,14575,FOR_ALVARA_BD_CADASTRO,2024-01-25 17:58:30,2024-11-26 16:50:24,2024-11-27 22:06:06,50222,MARIA FERNANDA SANTOS PERES,2,0.0,8,23,10,4,3,,,327363,AREA_RESPONSAVEL,Descrição do campo AREA_RESPONSAVEL,0.0,327653.0,8,Presencial,,,,,FLX_CERTIDÃO_DE_IMÓVEL,2,CERTIDÃO DE IMÓVEL
530123,1515600,20390,APROVAÇÃO,14579,FOR_CARTA DE SERVIÇO_BD_CADASTRO - ATUALIZAR,2024-04-17 12:44:07,2025-02-17 11:36:01,2025-02-18 16:51:43,50279,MARIA FERNANDA SANTOS PERES,2,0.0,44,43,19,2,3,,,326858,PESSOA_FISICA,Descrição do campo PESSOA_FISICA,0.0,327613.0,7,Não,,,,,FLX_CERTIDÃO_DE_IMÓVEL,2,CERTIDÃO DE IMÓVEL
533626,1519814,20390,APROVAÇÃO,14571,FOR_LICENCIAMENTO_BD_CADASTRO,2024-03-06 14:41:59,2025-01-06 13:33:53,2025-01-07 18:49:35,50821,MARIA FERNANDA SANTOS PERES,2,0.0,7,40,9,3,1,,,327453,PESSOA_FISICA,Descrição do campo PESSOA_FISICA,0.0,,5,Não se aplica,,,,,FLX_CERTIDÃO_DE_IMÓVEL,2,CERTIDÃO DE IMÓVEL
534929,1516541,20390,APROVAÇÃO,14580,FOR_LICENCIAMENTO_BD_CADASTRO,2024-02-23 12:08:06,2024-12-25 11:00:00,2024-12-26 16:15:42,52736,ANA PAULA COSTA OLIVEIRA,2,0.0,37,41,3,2,1,,,327106,PESSOA_FISICA,Descrição do campo PESSOA_FISICA,0.0,,1,Online,,,,,FLX_CERTIDÃO_DE_IMÓVEL,2,CERTIDÃO DE IMÓVEL
531263,1518992,20390,APROVAÇÃO,14577,FOR_CARTA DE SERVIÇO_BD_CADASTRO - ATUALIZAR,2024-01-20 14:09:52,2024-11-21 13:01:46,2024-11-22 18:17:28,50774,MARIA FERNANDA SANTOS PERES,2,0.0,29,43,4,3,3,,,326533,PESSOA_FISICA,Descrição do campo PESSOA_FISICA,0.0,,1,Não,,,,,FLX_CERTIDÃO_DE_IMÓVEL,2,CERTIDÃO DE IMÓVEL
538619,1519261,20390,APROVAÇÃO,14576,FOR_LICENCIAMENTO_BD_CADASTRO,2024-06-02 16:29:43,2025-04-04 15:21:37,2025-04-05 20:37:19,51283,JOÃO CARLOS SILVA,2,0.0,50,3,18,4,2,,,327274,SINONIMOS,Descrição do campo SINONIMOS,0.0,,1,Valor_SINONIMOS_0,,,,,FLX_CERTIDÃO_DE_IMÓVEL,2,CERTIDÃO DE IMÓVEL
534923,1516392,20390,APROVAÇÃO,14579,FOR_LICENCIAMENTO_BD_CADASTRO,2024-10-07 08:17:24,2025-08-09 07:09:18,2025-08-10 12:25:00,51927,JOÃO CARLOS SILVA,2,0.0,24,1,11,4,3,,,326755,SINONIMOS,Descrição do campo SINONIMOS,0.0,,5,Rejeitado,,,,,FLX_CERTIDÃO_DE_IMÓVEL,2,CERTIDÃO DE IMÓVEL
538334,1515401,20390,APROVAÇÃO,14572,FOR_LICENCIAMENTO_BD_CADASTRO,2024-03-26 15:11:59,2025-01-26 14:03:53,2025-01-27 19:19:35,51979,JOÃO CARLOS SILVA,2,0.0,13,5,2,2,2,,,326560,REQUISITOS,Descrição do campo REQUISITOS,0.0,,2,Rejeitado,,,,,FLX_CERTIDÃO_DE_IMÓVEL,2,CERTIDÃO DE IMÓVEL
539079,1518001,20390,APROVAÇÃO,14572,FOR_CARTA DE SERVIÇO_BD_CADASTRO - ATUALIZAR,2024-01-23 17:19:30,2024-11-24 16:11:24,2024-11-25 21:27:06,50796,MARIA FERNANDA SANTOS PERES,2,0.0,12,44,0,5,1,,,327283,REQUISITOS,Descrição do campo REQUISITOS,0.0,,3,Presencial,,,,,FLX_CERTIDÃO_DE_IMÓVEL,2,CERTIDÃO DE IMÓVEL
531234,1516577,20390,APROVAÇÃO,14580,FOR_CARTA DE SERVIÇO_BD_CADASTRO - ATUALIZAR,2024-10-22 17:38:02,2025-08-24 16:29:56,2025-08-25 21:45:38,51724,JOÃO CARLOS SILVA,2,0.0,12,23,2,2,2,,,326954,UORG_ENTIDADE_SUB,Descrição do campo UORG_ENTIDADE_SUB,0.0,,7,Pendente,,,,,FLX_CERTIDÃO_DE_IMÓVEL,2,CERTIDÃO DE IMÓVEL
537493,1517686,20390,APROVAÇÃO,14574,FOR_ALVARA_BD_CADASTRO,2024-10-30 15:54:23,2025-09-01 14:46:17,2025-09-02 20:01:59,51014,JOÃO CARLOS SILVA,2,0.0,11,47,9,1,2,,,327479,UORG_ENTIDADE_SUB,Descrição do campo UORG_ENTIDADE_SUB,0.0,,3,Pendente,,,,,FLX_CERTIDÃO_DE_IMÓVEL,2,CERTIDÃO DE IMÓVEL
530226,1516318,20390,APROVAÇÃO,14579,FOR_CARTA DE SERVIÇO_BD_CADASTRO - ATUALIZAR,2024-06-26 12:46:01,2025-04-28 11:37:55,2025-04-29 16:53:37,52339,ANA PAULA COSTA OLIVEIRA,2,0.0,35,32,6,3,2,,,327428,UORG_ENTIDADE_SUB,Descrição do campo UORG_ENTIDADE_SUB,0.0,327538.0,6,Pendente,,,,,FLX_CERTIDÃO_DE_IMÓVEL,2,CERTIDÃO DE IMÓVEL
536012,1515817,20390,APROVAÇÃO,14578,FOR_CARTA DE SERVIÇO_BD_CADASTRO - ATUALIZAR,2024-07-29 14:28:55,2025-05-31 13:20:49,2025-06-01 18:36:31,51066,JOÃO CARLOS SILVA,2,0.0,57,30,16,1,1,,,327464,UORG_ENTIDADE_SUB,Descrição do campo UORG_ENTIDADE_SUB,0.0,,8,"Público - (público em geral, incluindo cidadãos e empresas)",,,,,FLX_CERTIDÃO_DE_IMÓVEL,2,CERTIDÃO DE IMÓVEL
534833,1517295,20390,APROVAÇÃO,14577,FOR_LICENCIAMENTO_BD_CADASTRO,2024-12-24 16:31:11,2025-10-26 15:23:05,2025-10-27 20:38:47,50518,MARIA FERNANDA SANTOS PERES,2,0.0,36,19,9,2,2,,,326856,INSTRUCOES,Descrição do campo INSTRUCOES,0.0,,5,Pendente,,,,,FLX_CERTIDÃO_DE_IMÓVEL,2,CERTIDÃO DE IMÓVEL
530997,1519221,20390,APROVAÇÃO,14574,FOR_CARTA DE SERVIÇO_BD_CADASTRO - ATUALIZAR,2024-07-29 09:59:30,2025-05-31 08:51:24,2025-06-01 14:07:06,52852,ANA PAULA COSTA OLIVEIRA,2,0.0,43,30,19,2,3,,,326843,INSTRUCOES,Descrição do campo INSTRUCOES,0.0,327475.0,6,Online,,,,,FLX_CERTIDÃO_DE_IMÓVEL,2,CERTIDÃO DE IMÓVEL
538898,1515723,20390,APROVAÇÃO,14574,FOR_CARTA DE SERVIÇO_BD_CADASTRO - ATUALIZAR,2024-07-17 10:46:14,2025-05-19 09:38:08,2025-05-20 14:53:50,52443,ANA PAULA COSTA OLIVEIRA,2,0.0,40,31,5,4,3,,,326711,INSTRUCOES,Descrição do campo INSTRUCOES,0.0,,8,Aprovado,,,,,FLX_CERTIDÃO_DE_IMÓVEL,2,CERTIDÃO DE IMÓVEL
533705,1517385,20390,APROVAÇÃO,14571,FOR_CARTA DE SERVIÇO_BD_CADASTRO - ATUALIZAR,2024-02-10 09:22:59,2024-12-12 08:14:53,2024-12-13 13:30:35,51854,JOÃO CARLOS SILVA,2,0.0,18,11,7,1,3,,,326712,INSTRUCOES,Descrição do campo INSTRUCOES,0.0,327997.0,2,Rejeitado,,,,,FLX_CERTIDÃO_DE_IMÓVEL,2,CERTIDÃO DE IMÓVEL
534660,1517539,20390,APROVAÇÃO,14571,FOR_LICENCIAMENTO_BD_CADASTRO,2024-09-10 12:03:35,2025-07-13 10:55:29,2025-07-14 16:11:11,52682,ANA PAULA COSTA OLIVEIRA,2,0.0,11,4,7,1,1,,,327078,INSTRUCOES,Descrição do campo INSTRUCOES,0.0,,5,Presencial,,,,,FLX_CERTIDÃO_DE_IMÓVEL,2,CERTIDÃO DE IMÓVEL
531325,1515160,20390,APROVAÇÃO,14576,FOR_CARTA DE SERVIÇO_BD_CADASTRO - ATUALIZAR,2024-02-11 10:29:58,2024-12-13 09:21:52,2024-12-14 14:37:34,52048,ANA PAULA COSTA OLIVEIRA,2,0.0,54,46,12,1,1,,,326584,ETAPAS,Descrição do campo ETAPAS,0.0,,8,Presencial,,,,,FLX_CERTIDÃO_DE_IMÓVEL,2,CERTIDÃO DE IMÓVEL
537833,1518958,20390,APROVAÇÃO,14580,FOR_ALVARA_BD_CADASTRO,2024-12-16 13:58:13,2025-10-18 12:50:07,2025-10-19 18:05:49,50604,MARIA FERNANDA SANTOS PERES,2,0.0,21,43,10,3,2,,,327220,ETAPAS,Descrição do campo ETAPAS,0.0,,1,Valor_ETAPAS_1,,,,,FLX_CERTIDÃO_DE_IMÓVEL,2,CERTIDÃO DE IMÓVEL
